kernel,tflops,gpu
BmgGemmBF16BF16FP32_RRR_Gemm_128x128x32_SG2x4,154.1,5
BmgGemmBF16BF16FP32_RRR_Gemm_256x128x32_SG4x4,149.1,5
BmgGemmBF16BF16FP32_RCR_Gemm_128x128x32_SG2x4,148.5,6
BmgGemmBF16BF16FP32_RRR_Gemm_128x256x32_SG4x4,147.9,5
BmgGemmBF16BF16FP32_RRR_Gemm_128x128x32_SG8x2,147.8,6
BmgGemmBF16BF16FP32_RRR_Gemm_256x128x32_SG8x2,147.4,6
BmgGemmBF16BF16FP32_RCR_Gemm_256x128x32_SG4x4,146.4,6
BmgGemmBF16BF16FP32_RCR_GemmExhaustive_256x128x32_SG4x4_ST2,146.1,6
BmgGemmBF16BF16FP32_RRR_Gemm_128x128x64_SG4x4,145.9,6
BmgGemmBF16BF16FP32_RCR_GemmExhaustive_256x128x32_SG4x4_ST1,145.5,6
BmgGemmBF16BF16FP32_RCR_GemmExhaustive_128x256x32_SG2x8_ST2,145.3,5
BmgGemmBF16BF16FP32_RCR_DataParallel_256x256x32,144.3,6
BmgGemmBF16BF16FP32_RCR_SplitK_256x256x32,144.2,6
BmgGemmBF16BF16FP32_RCR_GemmExhaustive_128x256x32_SG4x4_ST3,144.0,5
BmgGemmBF16BF16FP32_RCR_Gemm_64x128x32_SG1x8,143.8,6
BmgGemmBF16BF16FP32_RCR_GemmExhaustive_128x256x32_SG2x8_ST3,143.5,6
BmgGemmBF16BF16FP32_RCR_GemmExhaustive_128x128x64_SG2x8_ST2,143.4,5
BmgGemmBF16BF16FP32_RCR_GemmExhaustive_128x128x64_SG4x4_ST2,142.9,6
BmgGemmBF16BF16FP32_RCR_StreamK_256x256x32,142.3,5
BmgGemmBF16BF16FP32_RCR_GemmExhaustive_256x128x32_SG4x4_ST3,141.8,5
BmgGemmBF16BF16FP32_RCR_GemmExhaustive_128x256x32_SG2x8_ST1,141.8,5
BmgGemmBF16BF16FP32_RCR_Gemm_128x128x64_SG4x4,141.2,5
BmgGemmBF16BF16FP32_RCR_GemmExhaustive_64x256x64_SG2x8_ST1,141.1,5
BmgGemmBF16BF16FP32_RCR_19,141.1,6
BmgGemmBF16BF16FP32_RCR_Gemm_128x256x32_SG4x4,141.1,6
BmgGemmBF16BF16FP32_RCR_GemmExhaustive_128x256x32_SG4x4_ST1,140.3,6
BmgGemmBF16BF16FP32_RCR_GemmExhaustive_128x256x32_SG4x4_ST2,139.5,5
BmgGemmBF16BF16FP32_RCR_GemmExhaustive_256x128x32_SG8x2_ST2,139.5,5
BmgGemmBF16BF16FP32_RRR_Gemm_128x128x64_SG8x2,139.4,5
BmgGemmBF16BF16FP32_RCR_GemmExhaustive_256x256x32_SG8x4_ST1,139.4,6
BmgGemmBF16BF16FP32_RCR_GemmExhaustive_128x128x32_SG4x4_ST3,139.0,5
BmgGemmBF16BF16FP32_RCR_GemmExhaustive_256x128x16_SG4x4_ST2,139.0,5
BmgGemmBF16BF16FP32_RCR_GemmExhaustive_128x128x64_SG4x4_ST3,139.0,5
BmgGemmBF16BF16FP32_RCR_GemmExhaustive_256x128x16_SG8x2_ST3,138.9,6
BmgGemmBF16BF16FP32_RCR_Gemm_256x128x32_SG8x2,138.5,5
BmgGemmBF16BF16FP32_RCR_GemmExhaustive_256x128x16_SG4x4_ST1,138.4,6
BmgGemmBF16BF16FP32_RCR_GemmExhaustive_256x128x16_SG4x4_ST3,138.4,5
BmgGemmBF16BF16FP32_RCR_GemmExhaustive_128x128x32_SG2x8_ST3,138.2,6
BmgGemmBF16BF16FP32_RCR_GemmExhaustive_256x128x32_SG8x4_ST1,138.2,6
BmgGemmBF16BF16FP32_RCR_GemmExhaustive_128x128x64_SG2x8_ST3,138.1,5
BmgGemmBF16BF16FP32_RCR_GemmExhaustive_128x128x16_SG4x4_ST3,137.9,6
BmgGemmBF16BF16FP32_RCR_GemmExhaustive_128x192x32_SG4x4_ST3,137.8,5
BmgGemmBF16BF16FP32_RCR_DataParallel_256x192x32,137.8,6
BmgGemmBF16BF16FP32_RCR_GemmExhaustive_256x128x32_SG8x2_ST1,137.7,5
BmgGemmBF16BF16FP32_RCR_GemmExhaustive_256x128x16_SG8x2_ST2,137.7,6
BmgGemmBF16BF16FP32_RRR_Gemm_256x256x32_SG8x4,137.6,6
BmgGemmBF16BF16FP32_RCR_GemmExhaustive_64x256x32_SG2x8_ST2,137.5,6
BmgGemmBF16BF16FP32_RCR_GemmExhaustive_128x256x16_SG2x8_ST2,137.0,6
BmgGemmBF16BF16FP32_RCR_GemmExhaustive_128x128x64_SG4x4_ST1,137.0,6
BmgGemmBF16BF16FP32_RCR_GemmExhaustive_256x256x32_SG8x4_ST2,136.8,5
BmgGemmBF16BF16FP32_RCR_GemmExhaustive_128x256x16_SG2x8_ST3,136.7,6
BmgGemmBF16BF16FP32_RCR_6,136.6,5
BmgGemmBF16BF16FP32_RCR_Gemm_256x256x32_SG8x4,136.5,5
BmgGemmBF16BF16FP32_RCR_GemmExhaustive_256x128x32_SG8x2_ST3,136.4,6
BmgGemmBF16BF16FP32_RCR_GemmExhaustive_256x192x32_SG8x4_ST1,136.3,5
BmgGemmBF16BF16FP32_RCR_GemmExhaustive_128x256x16_SG4x4_ST3,136.2,6
BmgGemmBF16BF16FP32_RCR_GemmExhaustive_256x128x16_SG2x8_ST2,136.2,5
BmgGemmBF16BF16FP32_RCR_GemmExhaustive_256x256x32_SG8x4_ST3,136.1,5
BmgGemmBF16BF16FP32_RCR_SplitK_256x192x32,136.0,5
BmgGemmBF16BF16FP32_RCR_StreamK_256x192x32,135.9,5
BmgGemmBF16BF16FP32_RCR_GemmExhaustive_256x192x32_SG8x4_ST3,135.9,6
BmgGemmBF16BF16FP32_RCR_GemmExhaustive_256x192x32_SG8x4_ST2,135.8,5
BmgGemmBF16BF16FP32_RCR_GemmExhaustive_128x512x32_SG4x8_ST2,135.6,6
BmgGemmBF16BF16FP32_RCR_GemmExhaustive_256x256x32_SG4x8_ST1,135.5,5
BmgGemmBF16BF16FP32_RCR_GemmExhaustive_128x192x16_SG4x4_ST3,135.3,5
BmgGemmBF16BF16FP32_RCR_GemmExhaustive_256x128x16_SG8x2_ST1,135.2,5
BmgGemmBF16BF16FP32_RCR_GemmExhaustive_128x128x64_SG2x8_ST1,135.2,6
BmgGemmBF16BF16FP32_RCR_GemmExhaustive_128x192x16_SG4x4_ST2,135.1,6
BmgGemmBF16BF16FP32_RCR_Gemm_64x128x32_SG2x4,135.0,5
BmgGemmBF16BF16FP32_RCR_GemmExhaustive_128x128x32_SG4x4_ST1,134.8,6
BmgGemmBF16BF16FP32_RCR_GemmExhaustive_256x128x16_SG2x8_ST3,134.8,6
BmgGemmBF16BF16FP32_RCR_GemmExhaustive_128x256x16_SG4x4_ST2,134.8,5
BmgGemmBF16BF16FP32_RCR_DataParallel_512x128x32,134.7,5
BmgGemmBF16BF16FP32_RCR_StreamK_256x128x32,134.7,6
BmgGemmBF16BF16FP32_RCR_SplitK_256x128x64,134.6,6
BmgGemmBF16BF16FP32_RCR_GemmExhaustive_128x512x32_SG4x8_ST1,134.5,5
BmgGemmBF16BF16FP32_RCR_StreamK_256x128x64,134.5,6
BmgGemmBF16BF16FP32_RCR_GemmExhaustive_128x256x32_SG4x8_ST1,134.4,6
BmgGemmBF16BF16FP32_RCR_Gemm_128x128x32_SG4x4,134.4,6
BmgGemmBF16BF16FP32_RCR_GemmExhaustive_128x192x32_SG4x4_ST1,134.3,6
BmgGemmBF16BF16FP32_RCR_GemmExhaustive_256x128x16_SG2x8_ST1,134.3,5
BmgGemmBF16BF16FP32_RCR_18,134.3,6
BmgGemmBF16BF16FP32_RCR_Gemm_128x64x32_SG2x4,134.1,6
BmgGemmBF16BF16FP32_RCR_GemmExhaustive_128x256x16_SG2x8_ST1,133.9,5
BmgGemmBF16BF16FP32_RCR_GemmExhaustive_128x192x32_SG4x4_ST2,133.5,5
BmgGemmBF16BF16FP32_RCR_DataParallel_256x128x32,133.5,5
BmgGemmBF16BF16FP32_RCR_SplitK_256x128x32,133.4,5
BmgGemmBF16BF16FP32_RCR_GemmExhaustive_256x128x64_SG8x4_ST1,133.3,6
BmgGemmBF16BF16FP32_RCR_DataParallel_256x128x64,133.1,5
BmgGemmBF16BF16FP32_RRR_Gemm_64x128x32_SG1x8,132.9,5
BmgGemmBF16BF16FP32_RCR_Gemm_128x256x32_SG4x8,132.7,6
BmgGemmBF16BF16FP32_RCR_GemmExhaustive_128x256x32_SG4x8_ST2,132.6,6
BmgGemmBF16BF16FP32_RCR_GemmExhaustive_128x128x16_SG4x4_ST2,132.6,5
BmgGemmBF16BF16FP32_RRR_Gemm_128x64x32_SG2x4,132.6,5
BmgGemmBF16BF16FP32_RCR_GemmExhaustive_128x128x32_SG4x4_ST2,132.6,5
BmgGemmBF16BF16FP32_RCR_GemmExhaustive_256x256x16_SG4x8_ST1,132.6,6
BmgGemmBF16BF16FP32_RCR_SplitK_512x128x32,132.6,5
BmgGemmBF16BF16FP32_RCR_GemmExhaustive_128x512x32_SG4x8_ST3,132.5,6
BmgGemmBF16BF16FP32_RRR_Gemm_128x128x32_SG4x4,132.3,5
BmgGemmBF16BF16FP32_RCR_GemmExhaustive_128x128x16_SG2x8_ST3,132.2,6
BmgGemmBF16BF16FP32_RCR_GemmExhaustive_128x256x64_SG4x8_ST1,132.0,5
BmgGemmBF16BF16FP32_RCR_Gemm_256x128x32_SG8x4,131.7,6
BmgGemmBF16BF16FP32_RRR_Gemm_256x256x16_SG4x8,131.7,6
BmgGemmBF16BF16FP32_RRR_Gemm_128x256x32_SG4x8,131.6,5
BmgGemmBF16BF16FP32_RCR_Gemm_256x256x32_SG4x8,131.5,6
BmgGemmBF16BF16FP32_RRR_Gemm_128x256x64_SG8x4,131.5,5
BmgGemmBF16BF16FP32_RCR_GemmExhaustive_128x256x64_SG4x8_ST2,131.4,6
BmgGemmBF16BF16FP32_RRR_Gemm_256x256x32_SG4x8,131.4,5
BmgGemmBF16BF16FP32_RCR_GemmExhaustive_256x256x16_SG4x8_ST2,131.2,6
BmgGemmBF16BF16FP32_RCR_Gemm_256x256x16_SG4x8,131.2,5
BmgGemmBF16BF16FP32_RCR_GemmExhaustive_256x128x32_SG4x8_ST3,130.8,6
BmgGemmBF16BF16FP32_RCR_GemmExhaustive_256x256x32_SG4x8_ST2,130.8,5
BmgGemmBF16BF16FP32_RCR_GemmExhaustive_256x128x64_SG4x8_ST1,130.7,5
BmgGemmBF16BF16FP32_RRR_Gemm_256x128x32_SG8x4,130.7,5
BmgGemmBF16BF16FP32_RCR_GemmExhaustive_256x128x32_SG4x8_ST1,130.7,5
BmgGemmBF16BF16FP32_RRR_Gemm_256x128x64_SG8x4,130.6,5
BmgGemmBF16BF16FP32_RCR_Gemm_256x128x64_SG8x4,130.4,6
BmgGemmBF16BF16FP32_RCR_GemmExhaustive_128x256x16_SG4x4_ST1,130.4,5
BmgGemmBF16BF16FP32_RRR_Gemm_256x256x16_SG8x4,130.2,5
BmgGemmBF16BF16FP32_RRR_Gemm_256x128x32_SG4x8,130.1,6
BmgGemmBF16BF16FP32_RCR_GemmExhaustive_128x128x32_SG2x8_ST1,130.1,5
BmgGemmBF16BF16FP32_RCR_GemmExhaustive_256x128x64_SG8x4_ST2,129.9,6
BmgGemmBF16BF16FP32_RCR_GemmExhaustive_128x192x16_SG4x4_ST1,129.9,6
BmgGemmBF16BF16FP32_RCR_GemmExhaustive_128x128x16_SG2x8_ST2,129.7,6
BmgGemmBF16BF16FP32_RCR_GemmExhaustive_128x128x32_SG2x8_ST2,129.7,5
BmgGemmBF16BF16FP32_RCR_GemmExhaustive_64x256x16_SG2x8_ST2,129.7,6
BmgGemmBF16BF16FP32_RCR_GemmExhaustive_128x256x32_SG4x8_ST3,129.6,5
BmgGemmBF16BF16FP32_RCR_GemmExhaustive_256x128x32_SG8x4_ST2,129.6,5
BmgGemmBF16BF16FP32_RCR_GemmExhaustive_256x128x32_SG4x8_ST2,129.4,6
BmgGemmBF16BF16FP32_RRR_Gemm_128x256x32_SG8x4,128.9,6
BmgGemmBF16BF16FP32_RCR_GemmExhaustive_256x256x32_SG4x8_ST3,128.9,6
BmgGemmBF16BF16FP32_RCR_GemmExhaustive_256x128x32_SG8x4_ST3,128.6,5
BmgGemmBF16BF16FP32_RCR_GemmExhaustive_256x128x64_SG4x8_ST2,128.4,5
BmgGemmBF16BF16FP32_RCR_StreamK_256x256x16,128.4,6
BmgGemmBF16BF16FP32_RCR_DataParallel_256x256x16,128.3,5
BmgGemmBF16BF16FP32_RCR_SplitK_256x256x16,128.3,6
BmgGemmBF16BF16FP32_RCR_GemmExhaustive_64x256x32_SG2x8_ST1,128.3,5
BmgGemmBF16BF16FP32_RCR_DataParallel_512x128x16,128.3,6
BmgGemmBF16BF16FP32_RCR_Gemm_256x256x16_SG8x4,128.2,6
BmgGemmBF16BF16FP32_RCR_GemmExhaustive_64x256x32_SG2x8_ST3,128.2,6
BmgGemmBF16BF16FP32_RCR_Gemm_256x128x32_SG4x8,127.9,5
BmgGemmBF16BF16FP32_RCR_GemmExhaustive_128x256x16_SG4x8_ST2,127.7,5
BmgGemmBF16BF16FP32_RCR_GemmExhaustive_256x256x16_SG4x8_ST3,127.6,5
BmgGemmBF16BF16FP32_RCR_GemmExhaustive_256x256x16_SG8x4_ST2,127.4,6
BmgGemmBF16BF16FP32_RCR_GemmExhaustive_128x128x32_SG8x2_ST2,127.2,6
BmgGemmBF16BF16FP32_RCR_GemmExhaustive_128x256x16_SG4x8_ST1,127.1,6
BmgGemmBF16BF16FP32_RCR_GemmExhaustive_128x256x64_SG4x8_ST3,127.0,6
BmgGemmBF16BF16FP32_RRR_Gemm_128x128x64_SG8x4,126.5,6
BmgGemmBF16BF16FP32_RCR_GemmExhaustive_256x256x16_SG8x4_ST3,126.4,6
BmgGemmBF16BF16FP32_RCR_GemmExhaustive_64x256x16_SG2x8_ST1,126.4,6
BmgGemmBF16BF16FP32_RCR_GemmExhaustive_128x256x16_SG4x8_ST3,126.3,5
BmgGemmBF16BF16FP32_RCR_StreamK_512x128x16,126.3,5
BmgGemmBF16BF16FP32_RCR_GemmExhaustive_128x128x16_SG4x4_ST1,126.1,5
BmgGemmBF16BF16FP32_RCR_SplitK_512x128x16,126.1,5
BmgGemmBF16BF16FP32_RCR_Gemm_128x128x32_SG8x2,125.8,5
BmgGemmBF16BF16FP32_RCR_DataParallel_256x128x16,125.3,6
BmgGemmBF16BF16FP32_RRR_Gemm_64x128x32_SG1x4,125.3,5
BmgGemmBF16BF16FP32_RCR_GemmExhaustive_128x128x64_SG8x2_ST1,125.3,5
BmgGemmBF16BF16FP32_RCR_GemmExhaustive_128x128x32_SG8x2_ST3,124.8,6
BmgGemmBF16BF16FP32_RCR_GemmExhaustive_256x256x16_SG8x4_ST1,124.3,5
BmgGemmBF16BF16FP32_RCR_GemmExhaustive_128x96x64_SG8x2_ST1,124.0,6
BmgGemmBF16BF16FP32_RCR_SplitK_256x128x16,123.9,5
BmgGemmBF16BF16FP32_RRR_Gemm_128x128x64_SG4x8,123.9,5
BmgGemmBF16BF16FP32_RCR_GemmExhaustive_256x128x64_SG8x4_ST3,123.8,5
BmgGemmBF16BF16FP32_RCR_StreamK_256x128x16,123.7,5
BmgGemmBF16BF16FP32_RCR_GemmExhaustive_256x128x64_SG4x8_ST3,123.5,6
BmgGemmBF16BF16FP32_RCR_DataParallel_256x192x16,123.5,6
BmgGemmBF16BF16FP32_RCR_SplitK_256x192x16,123.4,6
BmgGemmBF16BF16FP32_RCR_GemmExhaustive_128x64x64_SG4x4_ST2,123.3,5
BmgGemmBF16BF16FP32_RCR_GemmExhaustive_256x192x16_SG8x4_ST2,123.2,6
BmgGemmBF16BF16FP32_RCR_GemmExhaustive_256x192x16_SG8x4_ST3,122.9,6
BmgGemmBF16BF16FP32_RCR_StreamK_512x64x32,122.8,6
BmgGemmBF16BF16FP32_RCR_GemmExhaustive_256x128x16_SG8x4_ST1,122.7,5
BmgGemmBF16BF16FP32_RCR_GemmExhaustive_256x128x16_SG8x4_ST3,122.7,6
BmgGemmBF16BF16FP32_RCR_StreamK_256x192x16,122.4,5
BmgGemmBF16BF16FP32_RCR_GemmExhaustive_128x128x32_SG8x2_ST1,122.4,5
BmgGemmBF16BF16FP32_RCR_Gemm_128x128x64_SG8x2,122.3,6
BmgGemmBF16BF16FP32_RCR_DataParallel_512x64x32,122.2,5
BmgGemmBF16BF16FP32_RRR_Gemm_128x64x32_SG8x2,122.2,6
BmgGemmBF16BF16FP32_RCR_SplitK_512x64x32,122.1,5
BmgGemmBF16BF16FP32_RCR_GemmExhaustive_128x96x64_SG8x2_ST2,121.9,6
BmgGemmBF16BF16FP32_RCR_GemmExhaustive_64x256x16_SG2x8_ST3,121.6,5
BmgGemmBF16BF16FP32_RCR_GemmExhaustive_128x512x16_SG4x8_ST2,121.6,5
BmgGemmBF16BF16FP32_RCR_GemmExhaustive_64x128x64_SG2x8_ST2,121.3,5
BmgGemmBF16BF16FP32_RCR_StreamK_128x256x64,121.3,6
BmgGemmBF16BF16FP32_RCR_GemmExhaustive_128x96x32_SG8x2_ST3,121.2,5
BmgGemmBF16BF16FP32_RCR_GemmExhaustive_128x96x32_SG8x2_ST2,121.2,5
BmgGemmBF16BF16FP32_RRR_Gemm_128x256x16_SG8x4,121.2,6
BmgGemmBF16BF16FP32_RCR_GemmExhaustive_256x128x16_SG8x4_ST2,121.2,5
BmgGemmBF16BF16FP32_RCR_GemmExhaustive_128x128x64_SG8x2_ST2,120.5,5
BmgGemmBF16BF16FP32_RCR_GemmExhaustive_256x128x16_SG4x8_ST2,120.2,6
BmgGemmBF16BF16FP32_RCR_SplitK_256x64x64,119.9,6
BmgGemmBF16BF16FP32_RCR_GemmExhaustive_64x128x64_SG2x8_ST1,119.8,5
BmgGemmBF16BF16FP32_RCR_GemmExhaustive_128x128x16_SG2x8_ST1,119.8,5
BmgGemmBF16BF16FP32_RCR_GemmExhaustive_64x128x32_SG2x8_ST3,119.7,6
BmgGemmBF16BF16FP32_RCR_DataParallel_128x256x64,119.6,5
BmgGemmBF16BF16FP32_RCR_SplitK_128x256x64,119.6,5
BmgGemmBF16BF16FP32_RCR_DataParallel_256x64x64,119.6,6
BmgGemmBF16BF16FP32_RCR_GemmExhaustive_128x192x32_SG8x2_ST1,119.4,6
BmgGemmBF16BF16FP32_RCR_GemmExhaustive_64x256x64_SG2x8_ST2,119.3,5
BmgGemmBF16BF16FP32_RCR_Gemm_128x128x64_SG4x8,119.0,6
BmgGemmBF16BF16FP32_RCR_GemmExhaustive_64x128x32_SG2x8_ST2,118.9,6
BmgGemmBF16BF16FP32_RCR_GemmExhaustive_128x128x64_SG4x8_ST2,118.7,6
BmgGemmBF16BF16FP32_RCR_GemmExhaustive_128x192x32_SG8x2_ST2,118.6,6
BmgGemmBF16BF16FP32_RCR_GemmExhaustive_128x512x16_SG4x8_ST3,118.4,5
BmgGemmBF16BF16FP32_RCR_GemmExhaustive_128x128x16_SG8x2_ST2,118.4,6
BmgGemmBF16BF16FP32_RRR_Gemm_128x128x32_SG8x4,118.2,5
BmgGemmBF16BF16FP32_RCR_GemmExhaustive_256x192x16_SG8x4_ST1,118.2,5
BmgGemmBF16BF16FP32_RCR_GemmExhaustive_128x64x64_SG4x4_ST1,118.1,6
BmgGemmBF16BF16FP32_RRR_Gemm_128x128x32_SG4x8,118.1,6
BmgGemmBF16BF16FP32_RCR_StreamK_256x64x64,118.0,5
BmgGemmBF16BF16FP32_RRR_Gemm_128x64x32_SG4x4,118.0,5
BmgGemmBF16BF16FP32_RCR_GemmExhaustive_256x128x16_SG4x8_ST3,117.5,5
BmgGemmBF16BF16FP32_RCR_GemmExhaustive_128x512x16_SG4x8_ST1,117.5,6
BmgGemmBF16BF16FP32_RCR_GemmExhaustive_128x96x32_SG8x2_ST1,117.5,6
BmgGemmBF16BF16FP32_RCR_DataParallel_128x256x32,117.4,6
BmgGemmBF16BF16FP32_RCR_Gemm_128x64x32_SG4x4,117.4,6
BmgGemmBF16BF16FP32_RCR_GemmExhaustive_128x256x32_SG8x4_ST3,117.0,6
BmgGemmBF16BF16FP32_RCR_GemmExhaustive_128x64x64_SG4x4_ST3,116.9,5
BmgGemmBF16BF16FP32_RCR_GemmExhaustive_128x64x32_SG4x4_ST2,116.9,6
BmgGemmBF16BF16FP32_RCR_GemmExhaustive_128x64x32_SG4x4_ST3,116.4,5
BmgGemmBF16BF16FP32_RCR_GemmExhaustive_256x128x16_SG4x8_ST1,116.2,6
BmgGemmBF16BF16FP32_RCR_SplitK_128x256x32,116.0,5
BmgGemmBF16BF16FP32_RCR_GemmExhaustive_128x128x16_SG8x2_ST3,115.9,5
BmgGemmBF16BF16FP32_RCR_StreamK_128x256x32,115.9,5
BmgGemmBF16BF16FP32_RCR_GemmExhaustive_128x64x64_SG8x2_ST2,115.9,6
BmgGemmBF16BF16FP32_RCR_GemmExhaustive_128x128x16_SG8x2_ST1,115.7,6
BmgGemmBF16BF16FP32_RCR_GemmExhaustive_128x256x32_SG8x4_ST1,115.4,5
BmgGemmBF16BF16FP32_RCR_GemmExhaustive_128x128x64_SG4x8_ST3,115.3,6
BmgGemmBF16BF16FP32_RCR_GemmExhaustive_128x256x16_SG8x2_ST1,115.2,6
BmgGemmBF16BF16FP32_RCR_Gemm_128x256x32_SG8x4,115.2,5
BmgGemmBF16BF16FP32_RCR_GemmExhaustive_128x256x32_SG8x4_ST2,115.2,5
BmgGemmBF16BF16FP32_RCR_Gemm_128x256x64_SG8x4,115.0,6
BmgGemmBF16BF16FP32_RCR_GemmExhaustive_128x256x64_SG8x4_ST1,115.0,6
BmgGemmBF16BF16FP32_RCR_GemmExhaustive_64x256x32_SG4x4_ST1,114.1,5
BmgGemmBF16BF16FP32_RCR_GemmExhaustive_64x256x64_SG2x8_ST3,113.9,6
BmgGemmBF16BF16FP32_RCR_GemmExhaustive_128x192x16_SG8x2_ST2,113.9,6
BmgGemmBF16BF16FP32_RCR_GemmExhaustive_128x192x32_SG8x2_ST3,113.8,5
BmgGemmBF16BF16FP32_RCR_GemmExhaustive_128x256x16_SG8x2_ST2,113.5,6
BmgGemmBF16BF16FP32_RCR_GemmExhaustive_128x256x64_SG8x4_ST2,113.1,5
BmgGemmBF16BF16FP32_RCR_GemmExhaustive_64x128x64_SG4x4_ST2,112.9,5
BmgGemmBF16BF16FP32_RCR_GemmExhaustive_64x512x32_SG2x8_ST1,112.6,6
BmgGemmBF16BF16FP32_RCR_GemmExhaustive_128x128x64_SG8x2_ST3,112.4,6
BmgGemmBF16BF16FP32_RCR_GemmExhaustive_128x192x16_SG8x2_ST1,112.1,5
BmgGemmBF16BF16FP32_RCR_SplitK_512x64x64,112.0,6
BmgGemmBF16BF16FP32_RCR_StreamK_512x64x64,111.8,6
BmgGemmBF16BF16FP32_RCR_GemmExhaustive_64x192x64_SG4x4_ST1,111.6,5
BmgGemmBF16BF16FP32_RCR_GemmExhaustive_64x256x64_SG4x4_ST1,111.5,6
BmgGemmBF16BF16FP32_RCR_GemmExhaustive_128x192x16_SG8x2_ST3,111.4,6
BmgGemmBF16BF16FP32_RCR_GemmExhaustive_128x96x16_SG8x2_ST3,111.4,6
BmgGemmBF16BF16FP32_RCR_GemmExhaustive_128x64x64_SG8x2_ST1,111.3,6
BmgGemmBF16BF16FP32_RCR_StreamK_256x64x32,111.2,6
BmgGemmBF16BF16FP32_RCR_SplitK_256x64x32,111.1,6
BmgGemmBF16BF16FP32_RCR_Gemm_64x128x32_SG1x4,110.8,6
BmgGemmBF16BF16FP32_RCR_GemmExhaustive_128x192x64_SG8x4_ST1,110.8,6
BmgGemmBF16BF16FP32_RCR_GemmExhaustive_128x128x64_SG4x8_ST1,110.6,5
BmgGemmBF16BF16FP32_RCR_DataParallel_512x64x64,110.5,5
BmgGemmBF16BF16FP32_RCR_GemmExhaustive_128x256x64_SG8x4_ST3,110.4,5
BmgGemmBF16BF16FP32_RCR_SplitK_128x128x64,110.1,6
BmgGemmBF16BF16FP32_RCR_GemmExhaustive_128x96x16_SG8x2_ST2,110.1,5
BmgGemmBF16BF16FP32_RCR_DataParallel_128x128x64,110.0,6
BmgGemmBF16BF16FP32_RCR_GemmExhaustive_64x256x32_SG4x4_ST2,110.0,5
BmgGemmBF16BF16FP32_RCR_DataParallel_256x64x32,109.9,5
BmgGemmBF16BF16FP32_RCR_GemmExhaustive_128x64x32_SG4x4_ST1,109.8,6
BmgGemmBF16BF16FP32_RCR_GemmExhaustive_64x192x32_SG4x4_ST2,109.8,5
BmgGemmBF16BF16FP32_RCR_GemmExhaustive_128x96x64_SG8x2_ST3,109.8,5
BmgGemmBF16BF16FP32_RCR_GemmExhaustive_128x64x32_SG8x2_ST3,109.6,6
BmgGemmBF16BF16FP32_RCR_GemmExhaustive_128x192x32_SG8x4_ST3,109.4,6
BmgGemmBF16BF16FP32_RCR_GemmExhaustive_128x192x64_SG8x4_ST2,109.1,6
BmgGemmBF16BF16FP32_RCR_GemmExhaustive_64x128x64_SG4x4_ST1,109.1,6
BmgGemmBF16BF16FP32_RCR_GemmExhaustive_128x64x32_SG8x2_ST2,109.0,6
BmgGemmBF16BF16FP32_RCR_GemmExhaustive_64x192x32_SG4x4_ST1,108.8,5
BmgGemmBF16BF16FP32_RCR_GemmExhaustive_128x192x32_SG8x4_ST2,108.7,6
BmgGemmBF16BF16FP32_RCR_GemmExhaustive_128x128x32_SG4x8_ST2,108.6,6
BmgGemmBF16BF16FP32_RCR_StreamK_128x128x64,108.6,5
BmgGemmBF16BF16FP32_RCR_GemmExhaustive_64x128x32_SG4x4_ST3,108.6,6
BmgGemmBF16BF16FP32_RCR_Gemm_128x64x32_SG8x2,107.7,5
BmgGemmBF16BF16FP32_RCR_SplitK_128x192x64,107.5,6
BmgGemmBF16BF16FP32_RCR_StreamK_128x192x64,107.5,6
BmgGemmBF16BF16FP32_RCR_GemmExhaustive_128x256x16_SG8x2_ST3,107.4,5
BmgGemmBF16BF16FP32_RRR_Gemm_64x128x32_SG8x2,107.1,5
BmgGemmBF16BF16FP32_RCR_Gemm_128x128x32_SG4x8,107.1,5
BmgGemmBF16BF16FP32_RCR_Gemm_64x128x32_SG4x4,106.7,5
BmgGemmBF16BF16FP32_RRR_Gemm_64x256x64_SG8x4,106.6,5
BmgGemmBF16BF16FP32_RCR_GemmExhaustive_64x128x32_SG4x4_ST2,106.5,5
BmgGemmBF16BF16FP32_RCR_17,106.5,5
BmgGemmBF16BF16FP32_RCR_DataParallel_128x256x16,106.4,6
BmgGemmBF16BF16FP32_RCR_GemmExhaustive_128x64x64_SG8x2_ST3,106.4,5
BmgGemmBF16BF16FP32_RCR_SplitK_128x256x16,106.4,6
BmgGemmBF16BF16FP32_RCR_GemmExhaustive_128x96x16_SG8x2_ST1,106.3,5
BmgGemmBF16BF16FP32_RRR_Gemm_64x256x32_SG8x4,105.7,5
BmgGemmBF16BF16FP32_RCR_GemmExhaustive_64x128x32_SG2x8_ST1,105.7,5
BmgGemmBF16BF16FP32_RCR_DataParallel_128x192x64,105.6,5
BmgGemmBF16BF16FP32_RCR_GemmExhaustive_64x192x32_SG4x4_ST3,105.6,6
BmgGemmBF16BF16FP32_RCR_GemmExhaustive_64x256x64_SG4x8_ST2,105.5,6
BmgGemmBF16BF16FP32_RCR_StreamK_128x256x16,105.4,5
BmgGemmBF16BF16FP32_RCR_GemmExhaustive_128x128x64_SG8x4_ST1,105.4,6
BmgGemmBF16BF16FP32_RCR_Gemm_128x128x32_SG8x4,105.2,6
BmgGemmBF16BF16FP32_RCR_GemmExhaustive_64x256x16_SG4x4_ST2,105.1,6
BmgGemmBF16BF16FP32_RCR_GemmExhaustive_128x128x32_SG4x8_ST3,105.0,5
BmgGemmBF16BF16FP32_RCR_GemmExhaustive_64x512x32_SG2x8_ST2,105.0,5
BmgGemmBF16BF16FP32_RCR_GemmExhaustive_128x192x64_SG8x4_ST3,104.6,5
BmgGemmBF16BF16FP32_RCR_GemmExhaustive_128x256x16_SG8x4_ST2,104.5,6
BmgGemmBF16BF16FP32_RCR_GemmExhaustive_64x128x64_SG2x8_ST3,104.4,6
BmgGemmBF16BF16FP32_RCR_StreamK_128x192x32,104.3,6
BmgGemmBF16BF16FP32_RCR_GemmExhaustive_128x192x32_SG8x4_ST1,104.0,5
BmgGemmBF16BF16FP32_RCR_Gemm_128x256x16_SG8x4,103.9,5
BmgGemmBF16BF16FP32_RCR_GemmExhaustive_128x128x64_SG8x4_ST2,103.8,5
BmgGemmBF16BF16FP32_RCR_Gemm_128x128x64_SG8x4,103.8,5
BmgGemmBF16BF16FP32_RCR_GemmExhaustive_128x128x32_SG8x4_ST2,103.7,5
BmgGemmBF16BF16FP32_RCR_GemmExhaustive_64x256x16_SG4x4_ST1,103.7,5
BmgGemmBF16BF16FP32_RCR_SplitK_128x128x32,103.7,6
BmgGemmBF16BF16FP32_RCR_GemmExhaustive_128x256x16_SG8x4_ST1,103.7,5
BmgGemmBF16BF16FP32_RCR_StreamK_128x128x32,103.6,6
BmgGemmBF16BF16FP32_RCR_GemmExhaustive_128x128x32_SG4x8_ST1,103.5,6
BmgGemmBF16BF16FP32_RCR_GemmExhaustive_64x128x16_SG2x8_ST3,103.4,5
BmgGemmBF16BF16FP32_RCR_GemmExhaustive_128x256x16_SG8x4_ST3,103.4,6
BmgGemmBF16BF16FP32_RCR_GemmExhaustive_64x256x32_SG4x4_ST3,103.3,6
BmgGemmBF16BF16FP32_RCR_GemmExhaustive_512x64x32_SG8x2_ST3,102.8,5
BmgGemmBF16BF16FP32_RCR_DataParallel_128x192x32,102.7,5
BmgGemmBF16BF16FP32_RCR_SplitK_128x192x32,102.5,5
BmgGemmBF16BF16FP32_RCR_GemmExhaustive_64x512x32_SG4x8_ST2,102.5,6
BmgGemmBF16BF16FP32_RCR_GemmExhaustive_128x512x16_SG8x4_ST2,102.3,6
BmgGemmBF16BF16FP32_RCR_GemmExhaustive_64x512x64_SG4x8_ST1,102.2,5
BmgGemmBF16BF16FP32_RCR_DataParallel_128x128x32,102.2,5
BmgGemmBF16BF16FP32_RCR_GemmExhaustive_128x128x64_SG8x4_ST3,102.2,5
BmgGemmBF16BF16FP32_RCR_GemmExhaustive_64x192x64_SG4x4_ST2,102.2,6
BmgGemmBF16BF16FP32_RCR_GemmExhaustive_64x512x32_SG4x8_ST1,102.1,5
BmgGemmBF16BF16FP32_RCR_GemmExhaustive_64x256x64_SG4x8_ST1,101.9,6
BmgGemmBF16BF16FP32_RCR_GemmExhaustive_64x512x16_SG2x8_ST1,101.6,5
BmgGemmBF16BF16FP32_RCR_GemmExhaustive_64x256x32_SG4x8_ST3,101.5,5
BmgGemmBF16BF16FP32_RCR_GemmExhaustive_64x192x16_SG4x4_ST2,101.4,5
BmgGemmBF16BF16FP32_RCR_DataParallel_512x64x16,101.3,6
BmgGemmBF16BF16FP32_RCR_GemmExhaustive_128x64x16_SG4x4_ST3,101.3,6
BmgGemmBF16BF16FP32_RCR_GemmExhaustive_512x128x32_SG8x4_ST3,101.2,6
BmgGemmBF16BF16FP32_RCR_GemmExhaustive_64x192x16_SG4x4_ST1,100.9,6
BmgGemmBF16BF16FP32_RCR_GemmExhaustive_128x128x32_SG8x4_ST3,100.9,6
BmgGemmBF16BF16FP32_RCR_GemmExhaustive_64x512x32_SG2x8_ST3,100.8,5
BmgGemmBF16BF16FP32_RCR_GemmExhaustive_64x256x32_SG4x8_ST2,100.7,5
BmgGemmBF16BF16FP32_RCR_GemmExhaustive_64x128x16_SG2x8_ST2,100.4,6
BmgGemmBF16BF16FP32_RCR_GemmExhaustive_64x256x16_SG4x4_ST3,100.0,6
BmgGemmBF16BF16FP32_RCR_GemmExhaustive_64x192x16_SG4x4_ST3,100.0,5
BmgGemmBF16BF16FP32_RCR_GemmExhaustive_64x128x16_SG4x4_ST3,99.9,6
BmgGemmBF16BF16FP32_RCR_GemmExhaustive_64x128x16_SG4x4_ST2,99.8,6
BmgGemmBF16BF16FP32_RCR_GemmExhaustive_128x64x16_SG8x2_ST3,99.7,6
BmgGemmBF16BF16FP32_RCR_GemmExhaustive_512x64x32_SG8x2_ST2,99.6,5
BmgGemmBF16BF16FP32_RRR_Gemm_32x512x32_SG4x8,99.5,6
BmgGemmBF16BF16FP32_RCR_GemmExhaustive_512x64x32_SG8x2_ST1,99.3,6
BmgGemmBF16BF16FP32_RCR_GemmExhaustive_64x128x64_SG4x4_ST3,99.1,5
BmgGemmBF16BF16FP32_RRR_Gemm_32x512x32_SG4x4,98.6,5
BmgGemmBF16BF16FP32_RCR_SplitK_512x64x16,98.6,5
BmgGemmBF16BF16FP32_RCR_GemmExhaustive_128x192x16_SG8x4_ST3,98.5,6
BmgGemmBF16BF16FP32_RCR_GemmExhaustive_64x256x64_SG4x8_ST3,98.4,5
BmgGemmBF16BF16FP32_RCR_GemmExhaustive_128x64x16_SG8x2_ST2,98.0,5
BmgGemmBF16BF16FP32_RRR_Gemm_128x64x64_SG8x4,97.8,5
BmgGemmBF16BF16FP32_RCR_GemmExhaustive_128x64x16_SG4x4_ST2,97.7,6
BmgGemmBF16BF16FP32_RCR_GemmExhaustive_64x512x32_SG4x8_ST3,97.7,6
BmgGemmBF16BF16FP32_RCR_GemmExhaustive_64x128x32_SG4x4_ST1,97.6,5
BmgGemmBF16BF16FP32_RCR_Gemm_512x128x32_SG8x4,97.5,5
BmgGemmBF16BF16FP32_RCR_GemmExhaustive_128x64x32_SG8x2_ST1,97.4,5
BmgGemmBF16BF16FP32_RCR_GemmExhaustive_512x128x32_SG8x4_ST2,97.3,6
BmgGemmBF16BF16FP32_RCR_GemmExhaustive_128x512x16_SG8x4_ST3,97.3,5
BmgGemmBF16BF16FP32_RCR_GemmExhaustive_512x128x16_SG4x8_ST3,97.2,6
BmgGemmBF16BF16FP32_RCR_GemmExhaustive_512x128x16_SG8x4_ST3,97.2,5
BmgGemmBF16BF16FP32_RCR_GemmExhaustive_512x128x32_SG8x4_ST1,97.1,5
BmgGemmBF16BF16FP32_RCR_GemmExhaustive_128x512x16_SG8x4_ST1,96.0,6
BmgGemmBF16BF16FP32_RCR_GemmExhaustive_128x128x16_SG4x8_ST3,96.0,5
BmgGemmBF16BF16FP32_RCR_GemmExhaustive_512x128x16_SG8x4_ST2,95.9,5
BmgGemmBF16BF16FP32_RCR_DataParallel_128x512x16,95.7,5
BmgGemmBF16BF16FP32_RCR_SplitK_128x512x16,95.7,6
BmgGemmBF16BF16FP32_RCR_StreamK_128x512x16,95.7,6
BmgGemmBF16BF16FP32_RCR_GemmExhaustive_128x192x16_SG8x4_ST2,95.6,5
BmgGemmBF16BF16FP32_RRR_Gemm_512x128x32_SG8x4,95.5,6
BmgGemmBF16BF16FP32_RCR_GemmExhaustive_512x128x16_SG4x8_ST2,94.9,5
BmgGemmBF16BF16FP32_RCR_GemmExhaustive_64x512x16_SG4x8_ST2,94.9,6
BmgGemmBF16BF16FP32_RCR_GemmExhaustive_128x192x16_SG8x4_ST1,94.7,5
BmgGemmBF16BF16FP32_RCR_GemmExhaustive_128x128x16_SG4x8_ST2,94.5,5
BmgGemmBF16BF16FP32_RCR_GemmExhaustive_128x128x32_SG8x4_ST1,94.4,5
BmgGemmBF16BF16FP32_RRR_Gemm_256x192x64_SG8x4,93.9,6
BmgGemmBF16BF16FP32_RCR_GemmExhaustive_512x128x16_SG8x4_ST1,93.9,6
BmgGemmBF16BF16FP32_RCR_GemmExhaustive_32x256x64_SG2x8_ST1,93.9,6
BmgGemmBF16BF16FP32_RCR_GemmExhaustive_256x192x64_SG8x4_ST1,93.8,6
BmgGemmBF16BF16FP32_RCR_GemmExhaustive_512x64x16_SG8x2_ST1,93.0,6
BmgGemmBF16BF16FP32_RCR_GemmExhaustive_512x128x16_SG4x8_ST1,92.8,5
BmgGemmBF16BF16FP32_RCR_GemmExhaustive_256x96x32_SG8x2_ST3,92.5,5
BmgGemmBF16BF16FP32_RCR_GemmExhaustive_64x256x32_SG4x8_ST1,92.2,6
BmgGemmBF16BF16FP32_RCR_StreamK_256x64x16,92.1,6
BmgGemmBF16BF16FP32_RCR_GemmExhaustive_64x512x16_SG2x8_ST2,92.0,5
BmgGemmBF16BF16FP32_RCR_GemmExhaustive_64x192x64_SG4x4_ST3,92.0,6
BmgGemmBF16BF16FP32_RCR_GemmExhaustive_64x256x64_SG4x4_ST2,91.9,5
BmgGemmBF16BF16FP32_RCR_GemmExhaustive_32x256x32_SG2x8_ST1,91.9,6
BmgGemmBF16BF16FP32_RCR_GemmExhaustive_64x512x16_SG4x8_ST1,91.8,6
BmgGemmBF16BF16FP32_RCR_GemmExhaustive_128x64x16_SG4x4_ST1,91.5,5
BmgGemmBF16BF16FP32_RRR_Gemm_32x64x32_SG2x4,91.4,5
BmgGemmBF16BF16FP32_RCR_GemmExhaustive_64x128x16_SG2x8_ST1,91.3,6
BmgGemmBF16BF16FP32_RCR_SplitK_256x64x16,91.1,5
BmgGemmBF16BF16FP32_RCR_DataParallel_256x64x16,91.1,5
BmgGemmBF16BF16FP32_RCR_DataParallel_128x192x16,91.0,6
BmgGemmBF16BF16FP32_RCR_GemmExhaustive_64x512x64_SG4x8_ST2,91.0,5
BmgGemmBF16BF16FP32_RRR_Gemm_32x512x32_SG1x8,90.9,6
BmgGemmBF16BF16FP32_RCR_StreamK_128x192x16,90.8,5
BmgGemmBF16BF16FP32_RCR_SplitK_128x192x16,90.8,5
BmgGemmBF16BF16FP32_RCR_GemmExhaustive_512x64x16_SG8x2_ST2,90.6,6
BmgGemmBF16BF16FP32_RCR_GemmExhaustive_64x512x16_SG4x8_ST3,90.5,5
BmgGemmBF16BF16FP32_RCR_GemmExhaustive_64x64x64_SG4x4_ST3,90.3,5
BmgGemmBF16BF16FP32_RCR_GemmExhaustive_64x256x16_SG4x8_ST3,90.2,6
BmgGemmBF16BF16FP32_RCR_GemmExhaustive_256x96x32_SG8x2_ST2,89.7,5
BmgGemmBF16BF16FP32_RCR_GemmExhaustive_256x96x16_SG8x2_ST3,88.9,6
BmgGemmBF16BF16FP32_RCR_GemmExhaustive_128x128x16_SG8x4_ST3,88.9,6
BmgGemmBF16BF16FP32_RCR_DataParallel_128x64x64,88.8,6
BmgGemmBF16BF16FP32_RCR_SplitK_128x64x64,88.6,6
BmgGemmBF16BF16FP32_RCR_GemmExhaustive_128x64x64_SG8x4_ST2,88.4,6
BmgGemmBF16BF16FP32_RCR_GemmExhaustive_32x256x32_SG2x8_ST2,88.3,6
BmgGemmBF16BF16FP32_RCR_Gemm_128x64x64_SG8x4,88.3,6
BmgGemmBF16BF16FP32_RRR_Gemm_32x64x32_SG1x4,88.2,6
BmgGemmBF16BF16FP32_RCR_GemmExhaustive_64x64x64_SG4x4_ST2,88.0,5
BmgGemmBF16BF16FP32_RCR_GemmExhaustive_256x192x64_SG8x4_ST2,87.9,5
BmgGemmBF16BF16FP32_RCR_Gemm_256x192x64_SG8x4,87.9,5
BmgGemmBF16BF16FP32_RCR_GemmExhaustive_64x512x16_SG2x8_ST3,87.8,6
BmgGemmBF16BF16FP32_RCR_StreamK_128x128x16,87.7,6
BmgGemmBF16BF16FP32_RCR_GemmExhaustive_128x128x16_SG8x4_ST2,87.6,6
BmgGemmBF16BF16FP32_RCR_GemmExhaustive_64x512x64_SG4x8_ST3,87.6,6
BmgGemmBF16BF16FP32_RCR_SplitK_128x128x16,87.4,5
BmgGemmBF16BF16FP32_RCR_DataParallel_128x128x16,87.4,5
BmgGemmBF16BF16FP32_RCR_GemmExhaustive_64x256x64_SG4x4_ST3,87.4,5
BmgGemmBF16BF16FP32_RCR_StreamK_128x64x64,87.2,5
BmgGemmBF16BF16FP32_RCR_Gemm_32x64x32_SG1x4,87.2,5
BmgGemmBF16BF16FP32_RCR_GemmExhaustive_128x64x64_SG8x4_ST3,87.1,6
BmgGemmBF16BF16FP32_RCR_GemmExhaustive_256x96x32_SG8x2_ST1,87.0,6
BmgGemmBF16BF16FP32_RCR_GemmExhaustive_64x128x16_SG4x4_ST1,87.0,5
BmgGemmBF16BF16FP32_RCR_GemmExhaustive_256x96x16_SG8x2_ST2,87.0,5
BmgGemmBF16BF16FP32_RCR_GemmExhaustive_128x64x16_SG8x2_ST1,86.5,5
BmgGemmBF16BF16FP32_RCR_GemmExhaustive_128x192x64_SG4x4_ST1,86.4,5
BmgGemmBF16BF16FP32_RCR_GemmExhaustive_64x256x16_SG4x8_ST2,86.3,5
BmgGemmBF16BF16FP32_RCR_GemmExhaustive_256x96x16_SG8x2_ST1,86.2,5
BmgGemmBF16BF16FP32_RRR_Gemm_128x64x32_SG8x4,85.8,6
BmgGemmBF16BF16FP32_RCR_GemmExhaustive_128x128x16_SG4x8_ST1,85.4,6
BmgGemmBF16BF16FP32_RCR_GemmExhaustive_256x192x64_SG8x4_ST3,85.4,5
BmgGemmBF16BF16FP32_RCR_GemmExhaustive_256x64x64_SG8x2_ST3,84.8,5
BmgGemmBF16BF16FP32_RCR_GemmExhaustive_256x64x64_SG4x4_ST3,84.6,5
BmgGemmBF16BF16FP32_RCR_GemmExhaustive_64x128x64_SG4x8_ST2,84.3,6
BmgGemmBF16BF16FP32_RCR_GemmExhaustive_512x64x16_SG8x2_ST3,83.6,5
BmgGemmBF16BF16FP32_RCR_GemmExhaustive_256x64x64_SG4x4_ST2,83.3,5
BmgGemmBF16BF16FP32_RCR_GemmExhaustive_32x128x64_SG2x8_ST2,82.3,5
BmgGemmBF16BF16FP32_RCR_GemmExhaustive_64x128x64_SG4x8_ST3,82.2,5
BmgGemmBF16BF16FP32_RCR_GemmExhaustive_32x256x16_SG2x8_ST2,82.2,6
BmgGemmBF16BF16FP32_RRR_Gemm_64x128x32_SG4x8,82.0,5
BmgGemmBF16BF16FP32_RCR_GemmExhaustive_512x64x64_SG8x4_ST3,81.6,5
BmgGemmBF16BF16FP32_RCR_GemmExhaustive_256x64x32_SG8x2_ST3,81.5,6
BmgGemmBF16BF16FP32_RCR_GemmExhaustive_256x64x64_SG8x2_ST2,81.3,6
BmgGemmBF16BF16FP32_RCR_GemmExhaustive_32x256x16_SG2x8_ST1,81.3,5
BmgGemmBF16BF16FP32_RRR_Gemm_128x256x32_SG8x2,81.0,6
BmgGemmBF16BF16FP32_RCR_GemmExhaustive_256x64x32_SG4x4_ST3,81.0,5
BmgGemmBF16BF16FP32_RCR_Gemm_32x64x32_SG2x4,80.9,6
BmgGemmBF16BF16FP32_RCR_GemmExhaustive_128x64x64_SG8x4_ST1,80.8,5
BmgGemmBF16BF16FP32_RCR_DataParallel_256x192x64,80.1,5
BmgGemmBF16BF16FP32_RCR_GemmExhaustive_64x64x32_SG4x4_ST2,80.1,6
BmgGemmBF16BF16FP32_RCR_GemmExhaustive_64x64x64_SG4x4_ST1,80.0,6
BmgGemmBF16BF16FP32_RCR_StreamK_256x192x64,80.0,6
BmgGemmBF16BF16FP32_RCR_GemmExhaustive_128x128x16_SG8x4_ST1,80.0,5
BmgGemmBF16BF16FP32_RCR_SplitK_256x192x64,79.9,5
BmgGemmBF16BF16FP32_RCR_GemmExhaustive_64x64x32_SG4x4_ST3,79.9,5
BmgGemmBF16BF16FP32_RCR_GemmExhaustive_256x96x64_SG8x2_ST1,79.7,6
BmgGemmBF16BF16FP32_RCR_GemmExhaustive_32x256x16_SG2x8_ST3,79.7,6
BmgGemmBF16BF16FP32_RCR_GemmExhaustive_128x64x32_SG8x4_ST2,79.6,5
BmgGemmBF16BF16FP32_RCR_Gemm_512x64x64_SG8x4,79.6,5
BmgGemmBF16BF16FP32_RCR_GemmExhaustive_512x64x64_SG8x4_ST2,79.4,5
BmgGemmBF16BF16FP32_RCR_Gemm_128x64x32_SG8x4,79.3,5
BmgGemmBF16BF16FP32_RCR_GemmExhaustive_128x64x32_SG8x4_ST3,79.2,6
BmgGemmBF16BF16FP32_RCR_GemmExhaustive_64x256x16_SG4x8_ST1,79.1,5
BmgGemmBF16BF16FP32_RCR_GemmExhaustive_128x192x64_SG4x4_ST3,78.9,6
BmgGemmBF16BF16FP32_RCR_GemmExhaustive_32x256x32_SG2x8_ST3,78.7,5
BmgGemmBF16BF16FP32_RCR_SplitK_128x64x32,78.5,6
BmgGemmBF16BF16FP32_RCR_GemmExhaustive_512x64x32_SG8x4_ST3,78.3,5
BmgGemmBF16BF16FP32_RCR_StreamK_128x64x32,78.2,6
BmgGemmBF16BF16FP32_RCR_GemmExhaustive_256x64x64_SG4x4_ST1,77.9,6
BmgGemmBF16BF16FP32_RCR_GemmExhaustive_256x64x32_SG8x2_ST2,77.9,6
BmgGemmBF16BF16FP32_RCR_GemmExhaustive_32x128x64_SG2x8_ST1,77.9,6
BmgGemmBF16BF16FP32_RCR_DataParallel_128x64x32,77.8,5
BmgGemmBF16BF16FP32_RRR_Gemm_128x512x32_SG8x4,77.8,6
BmgGemmBF16BF16FP32_RCR_GemmExhaustive_128x192x64_SG4x4_ST2,77.8,5
BmgGemmBF16BF16FP32_RCR_Gemm_256x64x32_SG8x2,77.8,6
BmgGemmBF16BF16FP32_RCR_GemmExhaustive_32x128x32_SG2x8_ST2,77.7,6
BmgGemmBF16BF16FP32_RCR_Gemm_256x64x32_SG4x4,77.6,5
BmgGemmBF16BF16FP32_RCR_GemmExhaustive_256x64x16_SG8x2_ST3,77.6,6
BmgGemmBF16BF16FP32_RCR_GemmExhaustive_512x64x64_SG8x4_ST1,77.4,6
BmgGemmBF16BF16FP32_RCR_GemmExhaustive_256x64x64_SG8x2_ST1,77.3,6
BmgGemmBF16BF16FP32_RCR_GemmExhaustive_256x64x32_SG4x4_ST2,77.3,6
BmgGemmBF16BF16FP32_RCR_GemmExhaustive_32x256x64_SG2x8_ST2,77.0,5
BmgGemmBF16BF16FP32_RCR_GemmExhaustive_512x64x16_SG4x4_ST1,76.7,6
BmgGemmBF16BF16FP32_RCR_GemmExhaustive_32x128x32_SG2x8_ST3,76.5,5
BmgGemmBF16BF16FP32_RCR_GemmExhaustive_256x64x16_SG4x4_ST3,76.3,6
BmgGemmBF16BF16FP32_RCR_GemmExhaustive_256x64x32_SG8x2_ST1,75.8,5
BmgGemmBF16BF16FP32_RCR_GemmExhaustive_512x32x64_SG8x2_ST1,75.7,5
BmgGemmBF16BF16FP32_RCR_GemmExhaustive_256x64x16_SG8x2_ST2,75.5,5
BmgGemmBF16BF16FP32_RCR_GemmExhaustive_512x32x32_SG8x2_ST2,75.5,6
BmgGemmBF16BF16FP32_RCR_GemmExhaustive_256x64x16_SG4x4_ST2,75.4,6
BmgGemmBF16BF16FP32_RCR_Gemm_512x64x32_SG8x4,75.3,5
BmgGemmBF16BF16FP32_RCR_GemmExhaustive_512x64x32_SG8x4_ST2,75.3,6
BmgGemmBF16BF16FP32_RCR_GemmExhaustive_256x64x32_SG4x4_ST1,75.1,6
BmgGemmBF16BF16FP32_RCR_GemmExhaustive_512x64x16_SG8x4_ST3,74.9,6
BmgGemmBF16BF16FP32_RCR_GemmExhaustive_512x32x32_SG8x2_ST1,74.6,5
BmgGemmBF16BF16FP32_RCR_GemmExhaustive_128x64x32_SG8x4_ST1,74.4,5
BmgGemmBF16BF16FP32_RCR_GemmExhaustive_256x64x16_SG8x2_ST1,74.1,5
BmgGemmBF16BF16FP32_RCR_GemmExhaustive_256x96x64_SG8x2_ST2,74.0,6
BmgGemmBF16BF16FP32_RCR_GemmExhaustive_64x128x32_SG4x8_ST3,73.8,5
BmgGemmBF16BF16FP32_RCR_Gemm_64x128x32_SG4x8,73.7,6
BmgGemmBF16BF16FP32_RCR_GemmExhaustive_64x128x32_SG4x8_ST2,73.7,5
BmgGemmBF16BF16FP32_RCR_GemmExhaustive_256x64x16_SG4x4_ST1,73.7,5
BmgGemmBF16BF16FP32_RCR_GemmExhaustive_64x128x64_SG4x8_ST1,73.2,6
BmgGemmBF16BF16FP32_RCR_GemmExhaustive_512x64x16_SG8x4_ST2,73.1,6
BmgGemmBF16BF16FP32_RRR_Gemm_256x64x32_SG8x2,73.0,5
BmgGemmBF16BF16FP32_RCR_GemmExhaustive_512x64x32_SG8x4_ST1,72.4,6
BmgGemmBF16BF16FP32_RCR_GemmExhaustive_64x128x64_SG8x2_ST1,72.4,5
BmgGemmBF16BF16FP32_RCR_GemmExhaustive_64x128x64_SG8x2_ST2,72.2,6
BmgGemmBF16BF16FP32_RCR_GemmExhaustive_512x32x32_SG8x2_ST3,72.0,6
BmgGemmBF16BF16FP32_RCR_GemmExhaustive_64x128x32_SG8x2_ST2,72.0,6
BmgGemmBF16BF16FP32_RRR_Gemm_256x64x32_SG4x4,72.0,6
BmgGemmBF16BF16FP32_RCR_Gemm_64x128x32_SG8x2,72.0,6
BmgGemmBF16BF16FP32_RCR_GemmExhaustive_32x128x64_SG2x8_ST3,71.8,5
BmgGemmBF16BF16FP32_RCR_GemmExhaustive_64x96x64_SG8x2_ST2,71.7,6
BmgGemmBF16BF16FP32_RCR_GemmExhaustive_64x128x32_SG8x2_ST1,71.7,6
BmgGemmBF16BF16FP32_RCR_GemmExhaustive_64x64x64_SG8x2_ST2,71.5,6
BmgGemmBF16BF16FP32_RCR_GemmExhaustive_64x96x64_SG8x2_ST1,71.5,6
BmgGemmBF16BF16FP32_RRR_Gemm_512x64x64_SG8x4,71.4,6
BmgGemmBF16BF16FP32_RCR_GemmExhaustive_512x64x16_SG8x4_ST1,71.4,5
BmgGemmBF16BF16FP32_RCR_GemmExhaustive_64x128x32_SG8x2_ST3,71.3,5
BmgGemmBF16BF16FP32_RCR_GemmExhaustive_256x96x64_SG8x2_ST3,71.3,5
BmgGemmBF16BF16FP32_RCR_GemmExhaustive_64x96x32_SG8x2_ST2,70.4,5
BmgGemmBF16BF16FP32_RCR_GemmExhaustive_64x256x32_SG8x2_ST1,70.3,6
BmgGemmBF16BF16FP32_RCR_GemmExhaustive_32x128x16_SG2x8_ST3,70.2,6
BmgGemmBF16BF16FP32_RCR_Gemm_32x512x32_SG1x8,69.8,5
BmgGemmBF16BF16FP32_RCR_GemmExhaustive_64x96x32_SG8x2_ST3,69.8,5
BmgGemmBF16BF16FP32_RCR_GemmExhaustive_512x64x16_SG4x4_ST2,69.8,5
BmgGemmBF16BF16FP32_RCR_GemmExhaustive_64x96x64_SG8x2_ST3,69.7,5
BmgGemmBF16BF16FP32_RCR_GemmExhaustive_32x256x64_SG2x8_ST3,69.6,5
BmgGemmBF16BF16FP32_RCR_GemmExhaustive_64x256x32_SG8x2_ST2,69.4,6
BmgGemmBF16BF16FP32_RRR_Gemm_64x64x64_SG8x4,69.1,6
BmgGemmBF16BF16FP32_RCR_GemmExhaustive_64x128x64_SG8x2_ST3,69.1,6
BmgGemmBF16BF16FP32_RCR_GemmExhaustive_64x64x64_SG8x2_ST1,69.0,6
BmgGemmBF16BF16FP32_RCR_GemmExhaustive_64x64x64_SG8x2_ST3,69.0,5
BmgGemmBF16BF16FP32_RCR_GemmExhaustive_64x64x32_SG4x4_ST1,68.9,6
BmgGemmBF16BF16FP32_RCR_GemmExhaustive_64x512x16_SG4x4_ST1,68.1,6
BmgGemmBF16BF16FP32_RCR_GemmExhaustive_32x128x64_SG4x4_ST2,68.1,6
BmgGemmBF16BF16FP32_RCR_GemmExhaustive_64x96x32_SG8x2_ST1,68.0,6
BmgGemmBF16BF16FP32_RCR_GemmExhaustive_64x64x16_SG4x4_ST3,67.8,6
BmgGemmBF16BF16FP32_RCR_GemmExhaustive_64x192x32_SG8x2_ST1,67.4,6
BmgGemmBF16BF16FP32_RCR_GemmExhaustive_32x128x32_SG2x8_ST1,67.3,6
BmgGemmBF16BF16FP32_RCR_Gemm_64x256x32_SG8x4,67.1,6
BmgGemmBF16BF16FP32_RCR_GemmExhaustive_64x128x16_SG8x2_ST1,67.1,6
BmgGemmBF16BF16FP32_RCR_GemmExhaustive_64x256x32_SG8x4_ST2,67.1,6
BmgGemmBF16BF16FP32_RCR_GemmExhaustive_64x256x32_SG8x4_ST3,67.1,6
BmgGemmBF16BF16FP32_RCR_GemmExhaustive_64x192x32_SG8x2_ST2,67.1,5
BmgGemmBF16BF16FP32_RCR_GemmExhaustive_32x128x64_SG4x4_ST1,67.0,6
BmgGemmBF16BF16FP32_RCR_GemmExhaustive_64x256x32_SG8x2_ST3,66.7,5
BmgGemmBF16BF16FP32_RCR_GemmExhaustive_64x256x64_SG8x4_ST3,66.6,6
BmgGemmBF16BF16FP32_RCR_GemmExhaustive_64x256x32_SG8x4_ST1,66.5,5
BmgGemmBF16BF16FP32_RCR_GemmExhaustive_512x32x64_SG8x2_ST2,66.5,5
BmgGemmBF16BF16FP32_RCR_GemmExhaustive_64x192x32_SG8x2_ST3,66.4,5
BmgGemmBF16BF16FP32_RCR_GemmExhaustive_64x256x16_SG8x2_ST1,66.4,6
BmgGemmBF16BF16FP32_RCR_StreamK_64x256x64,66.3,5
BmgGemmBF16BF16FP32_RCR_DataParallel_64x256x64,66.3,6
BmgGemmBF16BF16FP32_RCR_GemmExhaustive_32x512x32_SG2x8_ST1,66.1,5
BmgGemmBF16BF16FP32_RCR_GemmExhaustive_64x256x16_SG8x2_ST2,66.1,5
BmgGemmBF16BF16FP32_RCR_GemmExhaustive_32x256x32_SG4x4_ST1,65.9,5
BmgGemmBF16BF16FP32_RCR_GemmExhaustive_64x256x64_SG8x4_ST1,65.9,5
BmgGemmBF16BF16FP32_RCR_GemmExhaustive_128x64x16_SG8x4_ST3,65.8,5
BmgGemmBF16BF16FP32_RCR_GemmExhaustive_64x64x32_SG8x2_ST3,65.8,6
BmgGemmBF16BF16FP32_RCR_GemmExhaustive_512x64x16_SG4x4_ST3,65.7,5
BmgGemmBF16BF16FP32_RCR_DataParallel_64x128x64,65.5,5
BmgGemmBF16BF16FP32_RCR_GemmExhaustive_64x64x32_SG8x2_ST2,65.4,6
BmgGemmBF16BF16FP32_RCR_GemmExhaustive_64x128x16_SG8x2_ST3,65.4,5
BmgGemmBF16BF16FP32_RCR_GemmExhaustive_64x128x16_SG8x2_ST2,65.4,5
BmgGemmBF16BF16FP32_RCR_StreamK_64x128x64,65.4,6
BmgGemmBF16BF16FP32_RCR_GemmExhaustive_64x128x32_SG4x8_ST1,65.0,6
BmgGemmBF16BF16FP32_RCR_GemmExhaustive_512x32x64_SG8x2_ST3,64.9,6
BmgGemmBF16BF16FP32_RCR_GemmExhaustive_32x128x32_SG4x4_ST2,64.9,6
BmgGemmBF16BF16FP32_RCR_Gemm_256x32x64_SG8x2,64.8,6
BmgGemmBF16BF16FP32_RCR_StreamK_128x64x16,64.7,6
BmgGemmBF16BF16FP32_RCR_GemmExhaustive_64x512x16_SG4x4_ST2,64.7,5
BmgGemmBF16BF16FP32_RCR_GemmExhaustive_32x256x32_SG4x4_ST2,64.6,6
BmgGemmBF16BF16FP32_RCR_SplitK_128x64x16,64.5,5
BmgGemmBF16BF16FP32_RCR_DataParallel_128x64x16,64.5,5
BmgGemmBF16BF16FP32_RCR_GemmExhaustive_256x32x64_SG8x2_ST2,64.5,6
BmgGemmBF16BF16FP32_RCR_GemmExhaustive_64x128x16_SG4x8_ST3,64.4,6
BmgGemmBF16BF16FP32_RCR_GemmExhaustive_64x256x16_SG8x2_ST3,64.3,5
BmgGemmBF16BF16FP32_RCR_GemmExhaustive_128x64x16_SG8x4_ST2,64.2,5
BmgGemmBF16BF16FP32_RCR_GemmExhaustive_32x128x16_SG2x8_ST2,64.1,6
BmgGemmBF16BF16FP32_RCR_GemmExhaustive_32x192x64_SG4x4_ST1,64.0,6
BmgGemmBF16BF16FP32_RCR_GemmExhaustive_64x192x16_SG8x2_ST1,64.0,6
BmgGemmBF16BF16FP32_RCR_Gemm_64x256x64_SG8x4,63.9,6
BmgGemmBF16BF16FP32_RCR_GemmExhaustive_64x256x64_SG8x4_ST2,63.9,5
BmgGemmBF16BF16FP32_RCR_GemmExhaustive_32x128x32_SG4x4_ST3,63.7,6
BmgGemmBF16BF16FP32_RCR_GemmExhaustive_64x192x16_SG8x2_ST2,63.7,6
BmgGemmBF16BF16FP32_RCR_GemmExhaustive_64x128x64_SG8x4_ST2,63.7,5
BmgGemmBF16BF16FP32_RCR_GemmExhaustive_32x192x32_SG4x4_ST2,63.6,5
BmgGemmBF16BF16FP32_RCR_Gemm_64x128x64_SG8x4,63.6,5
BmgGemmBF16BF16FP32_RCR_GemmExhaustive_64x192x16_SG8x2_ST3,63.5,5
BmgGemmBF16BF16FP32_RCR_GemmExhaustive_64x64x16_SG4x4_ST2,63.4,6
BmgGemmBF16BF16FP32_RCR_GemmExhaustive_32x256x64_SG4x4_ST1,63.3,6
BmgGemmBF16BF16FP32_RCR_GemmExhaustive_64x96x16_SG8x2_ST2,63.2,5
BmgGemmBF16BF16FP32_RCR_GemmExhaustive_64x512x32_SG8x4_ST1,63.2,6
BmgGemmBF16BF16FP32_RRR_Gemm_512x64x32_SG8x4,63.2,6
BmgGemmBF16BF16FP32_RCR_GemmExhaustive_256x32x32_SG8x2_ST3,63.1,5
BmgGemmBF16BF16FP32_RCR_GemmExhaustive_64x96x16_SG8x2_ST3,62.9,6
BmgGemmBF16BF16FP32_RCR_GemmExhaustive_64x128x64_SG8x4_ST3,62.9,6
BmgGemmBF16BF16FP32_RCR_GemmExhaustive_64x512x32_SG8x4_ST2,62.7,5
BmgGemmBF16BF16FP32_RCR_GemmExhaustive_32x256x64_SG4x8_ST2,62.6,6
BmgGemmBF16BF16FP32_RCR_GemmExhaustive_32x192x32_SG4x4_ST1,62.5,6
BmgGemmBF16BF16FP32_RCR_GemmExhaustive_64x96x16_SG8x2_ST1,62.5,5
BmgGemmBF16BF16FP32_RCR_GemmExhaustive_512x32x16_SG8x2_ST1,62.5,6
BmgGemmBF16BF16FP32_RCR_GemmExhaustive_64x512x16_SG4x4_ST3,62.5,5
BmgGemmBF16BF16FP32_RCR_GemmExhaustive_32x512x32_SG2x8_ST2,62.0,6
BmgGemmBF16BF16FP32_RCR_SplitK_64x256x16,61.7,5
BmgGemmBF16BF16FP32_RCR_GemmExhaustive_64x128x64_SG8x4_ST1,61.7,5
BmgGemmBF16BF16FP32_RCR_DataParallel_64x256x16,61.6,5
BmgGemmBF16BF16FP32_RCR_GemmExhaustive_64x128x32_SG8x4_ST2,61.5,6
BmgGemmBF16BF16FP32_RCR_Gemm_64x128x32_SG8x4,61.5,5
BmgGemmBF16BF16FP32_RCR_GemmExhaustive_64x192x64_SG8x4_ST1,61.3,6
BmgGemmBF16BF16FP32_RCR_GemmExhaustive_32x256x16_SG4x4_ST2,61.3,5
BmgGemmBF16BF16FP32_RCR_DataParallel_64x128x32,61.3,6
BmgGemmBF16BF16FP32_RCR_GemmExhaustive_32x192x64_SG4x4_ST2,61.2,6
BmgGemmBF16BF16FP32_RCR_GemmExhaustive_64x192x32_SG8x4_ST2,61.2,6
BmgGemmBF16BF16FP32_RCR_GemmExhaustive_64x512x32_SG8x4_ST3,61.1,5
BmgGemmBF16BF16FP32_RCR_GemmExhaustive_64x128x32_SG8x4_ST3,61.1,6
BmgGemmBF16BF16FP32_RCR_GemmExhaustive_32x256x16_SG4x4_ST1,61.0,5
BmgGemmBF16BF16FP32_RCR_GemmExhaustive_64x192x32_SG8x4_ST3,60.8,5
BmgGemmBF16BF16FP32_RCR_GemmExhaustive_32x128x64_SG4x4_ST3,60.8,5
BmgGemmBF16BF16FP32_RCR_GemmExhaustive_128x512x32_SG8x4_ST1,60.8,5
BmgGemmBF16BF16FP32_RCR_GemmExhaustive_128x256x32_SG8x2_ST1,60.7,5
BmgGemmBF16BF16FP32_RCR_GemmExhaustive_32x192x32_SG4x4_ST3,60.7,5
BmgGemmBF16BF16FP32_RCR_DataParallel_64x256x32,60.6,5
BmgGemmBF16BF16FP32_RCR_GemmExhaustive_256x32x64_SG8x2_ST1,60.4,6
BmgGemmBF16BF16FP32_RCR_GemmExhaustive_32x256x32_SG4x8_ST3,60.3,6
BmgGemmBF16BF16FP32_RCR_GemmExhaustive_64x256x16_SG8x4_ST1,60.3,6
BmgGemmBF16BF16FP32_RCR_SplitK_64x512x32,60.3,5
BmgGemmBF16BF16FP32_RCR_DataParallel_64x512x32,60.2,5
BmgGemmBF16BF16FP32_RCR_StreamK_64x512x32,60.2,6
BmgGemmBF16BF16FP32_RCR_GemmExhaustive_64x256x16_SG8x4_ST3,60.2,5
BmgGemmBF16BF16FP32_RCR_GemmExhaustive_64x256x16_SG8x4_ST2,60.2,6
BmgGemmBF16BF16FP32_RCR_GemmExhaustive_32x512x16_SG2x8_ST1,59.9,5
BmgGemmBF16BF16FP32_RCR_GemmExhaustive_256x32x64_SG8x2_ST3,59.9,5
BmgGemmBF16BF16FP32_RCR_GemmExhaustive_32x256x32_SG4x8_ST2,59.8,5
BmgGemmBF16BF16FP32_RCR_GemmExhaustive_64x128x16_SG4x8_ST2,59.8,5
BmgGemmBF16BF16FP32_RCR_Gemm_256x32x32_SG8x2,59.6,6
BmgGemmBF16BF16FP32_RCR_GemmExhaustive_64x32x64_SG8x2_ST2,59.6,6
BmgGemmBF16BF16FP32_RCR_GemmExhaustive_64x192x64_SG8x4_ST3,59.6,5
BmgGemmBF16BF16FP32_RCR_GemmExhaustive_256x128x32_SG2x8_ST1,59.5,6
BmgGemmBF16BF16FP32_RCR_GemmExhaustive_256x32x32_SG8x2_ST2,59.4,5
BmgGemmBF16BF16FP32_RCR_GemmExhaustive_32x256x64_SG4x8_ST3,59.4,6
BmgGemmBF16BF16FP32_RCR_GemmExhaustive_64x512x16_SG8x4_ST1,59.2,5
BmgGemmBF16BF16FP32_RCR_GemmExhaustive_64x192x32_SG8x4_ST1,59.1,6
BmgGemmBF16BF16FP32_RCR_GemmExhaustive_32x512x32_SG2x8_ST3,59.0,6
BmgGemmBF16BF16FP32_RCR_GemmExhaustive_32x256x16_SG4x4_ST3,58.9,6
BmgGemmBF16BF16FP32_RCR_GemmExhaustive_32x512x32_SG4x8_ST1,58.9,6
BmgGemmBF16BF16FP32_RCR_GemmExhaustive_128x512x32_SG8x4_ST2,58.9,5
BmgGemmBF16BF16FP32_RCR_Gemm_128x512x32_SG8x4,58.9,5
BmgGemmBF16BF16FP32_RCR_GemmExhaustive_64x32x64_SG8x2_ST3,58.9,6
BmgGemmBF16BF16FP32_RCR_GemmExhaustive_32x192x16_SG4x4_ST2,58.8,5
BmgGemmBF16BF16FP32_RCR_GemmExhaustive_32x256x32_SG4x4_ST3,58.8,6
BmgGemmBF16BF16FP32_RCR_GemmExhaustive_32x256x64_SG4x8_ST1,58.7,5
BmgGemmBF16BF16FP32_RCR_GemmExhaustive_32x128x16_SG4x4_ST3,58.5,6
BmgGemmBF16BF16FP32_RCR_Gemm_128x256x32_SG8x2,58.5,5
BmgGemmBF16BF16FP32_RCR_GemmExhaustive_32x192x16_SG4x4_ST3,58.4,6
BmgGemmBF16BF16FP32_RCR_GemmExhaustive_128x256x32_SG8x2_ST2,58.4,6
BmgGemmBF16BF16FP32_RCR_GemmExhaustive_256x32x16_SG8x2_ST3,58.4,6
BmgGemmBF16BF16FP32_RCR_Gemm_256x64x64_SG8x4,58.3,5
BmgGemmBF16BF16FP32_RCR_GemmExhaustive_64x192x64_SG8x4_ST2,58.3,5
BmgGemmBF16BF16FP32_RRR_Gemm_256x32x64_SG8x2,58.2,5
BmgGemmBF16BF16FP32_RCR_GemmExhaustive_32x128x32_SG4x4_ST1,58.1,5
BmgGemmBF16BF16FP32_RCR_GemmExhaustive_64x512x16_SG8x4_ST2,58.1,5
BmgGemmBF16BF16FP32_RCR_StreamK_64x192x32,58.1,5
BmgGemmBF16BF16FP32_RCR_SplitK_64x192x32,58.1,6
BmgGemmBF16BF16FP32_RCR_DataParallel_64x192x32,58.1,6
BmgGemmBF16BF16FP32_RCR_Gemm_16x64x32_SG1x4,58.0,6
BmgGemmBF16BF16FP32_RCR_DataParallel_64x192x64,57.9,6
BmgGemmBF16BF16FP32_RCR_SplitK_64x192x64,57.9,5
BmgGemmBF16BF16FP32_RCR_StreamK_64x192x64,57.9,5
BmgGemmBF16BF16FP32_RCR_GemmExhaustive_32x512x32_SG4x8_ST2,57.9,5
BmgGemmBF16BF16FP32_RCR_Gemm_32x512x32_SG4x8,57.9,5
BmgGemmBF16BF16FP32_RCR_GemmExhaustive_64x64x16_SG8x2_ST3,57.8,6
BmgGemmBF16BF16FP32_RCR_GemmExhaustive_256x32x32_SG8x2_ST1,57.7,6
BmgGemmBF16BF16FP32_RCR_GemmExhaustive_32x192x16_SG4x4_ST1,57.6,5
BmgGemmBF16BF16FP32_RRR_Gemm_16x64x64_SG2x4,57.4,5
BmgGemmBF16BF16FP32_RRR_Gemm_16x64x32_SG1x4,57.4,5
BmgGemmBF16BF16FP32_RCR_GemmExhaustive_32x512x64_SG4x8_ST1,57.2,5
BmgGemmBF16BF16FP32_RCR_GemmExhaustive_32x128x16_SG4x4_ST2,57.1,5
BmgGemmBF16BF16FP32_RCR_GemmExhaustive_128x64x16_SG8x4_ST1,57.1,6
BmgGemmBF16BF16FP32_RCR_GemmExhaustive_128x512x32_SG8x4_ST3,57.1,6
BmgGemmBF16BF16FP32_RRR_Gemm_128x128x32_SG1x8,56.9,6
BmgGemmBF16BF16FP32_RCR_GemmExhaustive_64x512x16_SG8x4_ST3,56.9,6
BmgGemmBF16BF16FP32_RCR_GemmExhaustive_64x64x32_SG8x2_ST1,56.8,5
BmgGemmBF16BF16FP32_RCR_GemmExhaustive_64x64x16_SG8x2_ST2,56.8,5
BmgGemmBF16BF16FP32_RCR_GemmExhaustive_32x64x64_SG4x4_ST2,56.6,6
BmgGemmBF16BF16FP32_RCR_GemmExhaustive_256x32x16_SG8x2_ST2,56.6,5
BmgGemmBF16BF16FP32_RCR_GemmExhaustive_256x128x32_SG2x8_ST2,56.3,5
BmgGemmBF16BF16FP32_RCR_GemmExhaustive_128x256x32_SG8x2_ST3,56.1,6
BmgGemmBF16BF16FP32_RCR_GemmExhaustive_256x64x32_SG8x4_ST3,56.0,6
BmgGemmBF16BF16FP32_RCR_GemmExhaustive_256x64x64_SG8x4_ST1,55.8,5
BmgGemmBF16BF16FP32_RCR_GemmExhaustive_32x512x64_SG2x8_ST1,55.8,6
BmgGemmBF16BF16FP32_RCR_GemmExhaustive_32x64x64_SG4x4_ST3,55.7,6
BmgGemmBF16BF16FP32_RCR_GemmExhaustive_512x128x32_SG4x8_ST1,55.7,6
BmgGemmBF16BF16FP32_RCR_GemmExhaustive_512x32x16_SG8x2_ST2,55.6,6
BmgGemmBF16BF16FP32_RCR_GemmExhaustive_64x64x16_SG4x4_ST1,55.2,5
BmgGemmBF16BF16FP32_RCR_GemmExhaustive_64x192x16_SG8x4_ST2,55.1,6
BmgGemmBF16BF16FP32_RCR_GemmExhaustive_256x32x16_SG8x2_ST1,55.0,5
BmgGemmBF16BF16FP32_RCR_GemmExhaustive_64x128x32_SG8x4_ST1,55.0,5
BmgGemmBF16BF16FP32_RCR_GemmExhaustive_64x192x16_SG8x4_ST3,54.8,6
BmgGemmBF16BF16FP32_RCR_DataParallel_64x512x16,54.8,6
BmgGemmBF16BF16FP32_RCR_SplitK_64x512x16,54.8,5
BmgGemmBF16BF16FP32_RCR_StreamK_64x512x16,54.8,5
BmgGemmBF16BF16FP32_RCR_GemmExhaustive_32x256x32_SG4x8_ST1,54.6,5
BmgGemmBF16BF16FP32_RCR_GemmExhaustive_32x128x16_SG2x8_ST1,54.6,5
BmgGemmBF16BF16FP32_RCR_GemmExhaustive_256x256x64_SG8x4_ST1,54.6,5
BmgGemmBF16BF16FP32_RCR_GemmExhaustive_32x512x32_SG4x8_ST3,54.5,5
BmgGemmBF16BF16FP32_RCR_GemmExhaustive_32x512x16_SG2x8_ST2,54.3,5
BmgGemmBF16BF16FP32_RCR_StreamK_64x64x64,54.1,6
BmgGemmBF16BF16FP32_RCR_SplitK_64x64x64,54.0,5
BmgGemmBF16BF16FP32_RCR_DataParallel_64x64x64,54.0,5
BmgGemmBF16BF16FP32_RCR_GemmExhaustive_64x192x16_SG8x4_ST1,53.8,5
BmgGemmBF16BF16FP32_RCR_GemmExhaustive_64x32x64_SG8x2_ST1,53.8,5
BmgGemmBF16BF16FP32_RCR_GemmExhaustive_256x128x64_SG8x2_ST1,53.7,6
BmgGemmBF16BF16FP32_RRR_Gemm_16x64x32_SG2x4,53.7,6
BmgGemmBF16BF16FP32_RCR_GemmExhaustive_32x192x64_SG4x4_ST3,53.6,5
BmgGemmBF16BF16FP32_RCR_Gemm_128x128x32_SG1x8,53.6,5
BmgGemmBF16BF16FP32_RCR_GemmExhaustive_64x64x64_SG8x4_ST2,53.5,6
BmgGemmBF16BF16FP32_RCR_Gemm_64x64x64_SG8x4,53.5,5
BmgGemmBF16BF16FP32_RCR_GemmExhaustive_256x128x32_SG2x8_ST3,53.3,5
BmgGemmBF16BF16FP32_RCR_GemmExhaustive_32x512x16_SG4x8_ST1,53.2,6
BmgGemmBF16BF16FP32_RCR_GemmExhaustive_16x256x64_SG2x8_ST1,53.1,5
BmgGemmBF16BF16FP32_RCR_GemmExhaustive_32x256x64_SG4x4_ST2,53.1,6
BmgGemmBF16BF16FP32_RCR_Gemm_256x64x32_SG8x4,53.1,6
BmgGemmBF16BF16FP32_RCR_GemmExhaustive_64x64x64_SG8x4_ST3,53.0,6
BmgGemmBF16BF16FP32_RCR_GemmExhaustive_128x256x64_SG4x4_ST1,53.0,6
BmgGemmBF16BF16FP32_RCR_GemmExhaustive_256x256x64_SG8x4_ST3,53.0,6
BmgGemmBF16BF16FP32_RCR_GemmExhaustive_32x512x16_SG4x8_ST2,52.9,6
BmgGemmBF16BF16FP32_RCR_GemmExhaustive_256x64x32_SG8x4_ST2,52.9,5
BmgGemmBF16BF16FP32_RRR_Gemm_64x64x32_SG8x4,52.8,6
BmgGemmBF16BF16FP32_RCR_StreamK_64x192x16,52.5,6
BmgGemmBF16BF16FP32_RCR_SplitK_64x192x16,52.5,6
BmgGemmBF16BF16FP32_RCR_DataParallel_64x192x16,52.5,5
BmgGemmBF16BF16FP32_RCR_GemmExhaustive_32x512x64_SG4x8_ST2,52.1,5
BmgGemmBF16BF16FP32_RCR_GemmExhaustive_32x128x64_SG4x8_ST2,52.1,6
BmgGemmBF16BF16FP32_RCR_GemmExhaustive_64x192x64_SG8x2_ST1,52.0,5
BmgGemmBF16BF16FP32_RCR_GemmExhaustive_256x64x16_SG8x4_ST3,52.0,5
BmgGemmBF16BF16FP32_RCR_GemmExhaustive_256x64x32_SG8x4_ST1,52.0,5
BmgGemmBF16BF16FP32_RCR_GemmExhaustive_64x128x16_SG4x8_ST1,51.9,5
BmgGemmBF16BF16FP32_RCR_GemmExhaustive_512x128x32_SG4x8_ST2,51.8,6
BmgGemmBF16BF16FP32_RRR_Gemm_32x64x32_SG4x4,51.8,5
BmgGemmBF16BF16FP32_RCR_GemmExhaustive_32x128x64_SG4x8_ST3,51.8,6
BmgGemmBF16BF16FP32_RCR_GemmExhaustive_256x128x64_SG8x2_ST3,51.7,5
BmgGemmBF16BF16FP32_RCR_GemmExhaustive_16x256x32_SG2x8_ST1,51.4,5
BmgGemmBF16BF16FP32_RCR_GemmExhaustive_32x512x16_SG4x8_ST3,51.4,5
BmgGemmBF16BF16FP32_RCR_GemmExhaustive_256x128x64_SG8x2_ST2,51.4,5
BmgGemmBF16BF16FP32_RCR_GemmExhaustive_512x32x16_SG8x2_ST3,51.2,5
BmgGemmBF16BF16FP32_RCR_GemmExhaustive_32x512x16_SG2x8_ST3,50.8,6
BmgGemmBF16BF16FP32_RCR_GemmExhaustive_32x512x64_SG2x8_ST2,50.7,6
BmgGemmBF16BF16FP32_RCR_Gemm_16x64x64_SG2x4,50.5,6
BmgGemmBF16BF16FP32_RCR_GemmExhaustive_256x64x16_SG8x4_ST2,50.5,5
BmgGemmBF16BF16FP32_RCR_GemmExhaustive_32x512x64_SG2x8_ST3,50.3,5
BmgGemmBF16BF16FP32_RCR_Gemm_256x256x64_SG8x4,50.3,5
BmgGemmBF16BF16FP32_RCR_GemmExhaustive_256x256x64_SG8x4_ST2,50.3,6
BmgGemmBF16BF16FP32_RCR_GemmExhaustive_32x256x16_SG4x8_ST3,50.0,5
BmgGemmBF16BF16FP32_RCR_GemmExhaustive_256x64x16_SG8x4_ST1,49.9,6
BmgGemmBF16BF16FP32_RCR_GemmExhaustive_32x256x16_SG4x8_ST2,49.7,5
BmgGemmBF16BF16FP32_RCR_GemmExhaustive_128x512x64_SG4x8_ST1,49.6,6
BmgGemmBF16BF16FP32_RCR_SplitK_64x128x16,49.6,6
BmgGemmBF16BF16FP32_RCR_GemmExhaustive_16x256x32_SG2x8_ST2,49.6,6
BmgGemmBF16BF16FP32_RCR_GemmExhaustive_64x64x64_SG8x4_ST1,49.5,5
BmgGemmBF16BF16FP32_RCR_GemmExhaustive_64x128x16_SG8x4_ST3,49.5,5
BmgGemmBF16BF16FP32_RCR_DataParallel_64x128x16,49.5,6
BmgGemmBF16BF16FP32_RCR_GemmExhaustive_32x256x64_SG4x4_ST3,49.0,5
BmgGemmBF16BF16FP32_RCR_GemmExhaustive_128x256x64_SG4x4_ST2,49.0,6
BmgGemmBF16BF16FP32_RCR_GemmExhaustive_64x128x16_SG8x4_ST2,48.9,6
BmgGemmBF16BF16FP32_RCR_GemmExhaustive_32x64x64_SG4x4_ST1,48.5,5
BmgGemmBF16BF16FP32_RCR_GemmExhaustive_16x128x64_SG2x8_ST1,48.5,6
BmgGemmBF16BF16FP32_RCR_GemmExhaustive_128x512x64_SG4x8_ST3,48.3,5
BmgGemmBF16BF16FP32_RCR_GemmExhaustive_32x512x64_SG4x8_ST3,48.2,6
BmgGemmBF16BF16FP32_RCR_GemmExhaustive_128x256x64_SG4x4_ST3,48.0,5
BmgGemmBF16BF16FP32_RCR_GemmExhaustive_32x128x16_SG4x4_ST1,47.9,5
BmgGemmBF16BF16FP32_RCR_GemmExhaustive_512x128x32_SG4x8_ST3,47.5,5
BmgGemmBF16BF16FP32_RCR_GemmExhaustive_16x128x64_SG2x8_ST2,47.5,5
BmgGemmBF16BF16FP32_RCR_StreamK_512x128x32,47.2,6
BmgGemmBF16BF16FP32_RRR_Gemm_256x64x64_SG8x4,47.2,6
BmgGemmBF16BF16FP32_RCR_GemmExhaustive_64x64x16_SG8x2_ST1,47.0,5
BmgGemmBF16BF16FP32_RCR_GemmExhaustive_16x256x16_SG2x8_ST2,46.9,6
BmgGemmBF16BF16FP32_RRR_Gemm_32x512x32_SG2x4,46.8,5
BmgGemmBF16BF16FP32_RCR_GemmExhaustive_128x512x64_SG4x8_ST2,46.7,5
BmgGemmBF16BF16FP32_RCR_Gemm_16x64x64_SG1x4,46.3,5
BmgGemmBF16BF16FP32_RCR_Gemm_128x64x32_SG1x4,46.1,5
BmgGemmBF16BF16FP32_RCR_SplitK_128x512x32,45.7,6
BmgGemmBF16BF16FP32_RCR_DataParallel_128x512x32,45.7,6
BmgGemmBF16BF16FP32_RCR_StreamK_128x512x32,45.7,5
BmgGemmBF16BF16FP32_RCR_16,45.5,5
BmgGemmBF16BF16FP32_RCR_Gemm_16x64x32_SG2x4,45.5,5
BmgGemmBF16BF16FP32_RCR_GemmExhaustive_64x192x64_SG8x2_ST2,45.5,5
BmgGemmBF16BF16FP32_RCR_GemmExhaustive_16x256x16_SG2x8_ST1,45.3,6
BmgGemmBF16BF16FP32_RCR_GemmExhaustive_16x256x16_SG2x8_ST3,45.0,5
BmgGemmBF16BF16FP32_RCR_GemmExhaustive_32x128x64_SG4x8_ST1,45.0,5
BmgGemmBF16BF16FP32_RCR_GemmExhaustive_64x32x32_SG8x2_ST3,44.7,5
BmgGemmBF16BF16FP32_RCR_GemmExhaustive_64x512x32_SG4x4_ST1,44.6,6
BmgGemmBF16BF16FP32_RCR_GemmExhaustive_64x32x32_SG8x2_ST2,44.5,6
BmgGemmBF16BF16FP32_RRR_Gemm_256x32x32_SG8x2,44.5,5
BmgGemmBF16BF16FP32_RCR_GemmExhaustive_64x64x32_SG8x4_ST3,44.4,6
BmgGemmBF16BF16FP32_RCR_GemmExhaustive_16x256x32_SG2x8_ST3,44.2,6
BmgGemmBF16BF16FP32_RCR_GemmExhaustive_32x64x32_SG4x4_ST3,44.2,5
BmgGemmBF16BF16FP32_RCR_Gemm_64x64x32_SG8x4,44.1,5
BmgGemmBF16BF16FP32_RCR_GemmExhaustive_64x64x32_SG8x4_ST2,44.1,5
BmgGemmBF16BF16FP32_RCR_GemmExhaustive_64x192x64_SG8x2_ST3,44.1,6
BmgGemmBF16BF16FP32_RCR_Gemm_32x64x32_SG4x4,44.0,6
BmgGemmBF16BF16FP32_RCR_GemmExhaustive_32x64x32_SG4x4_ST2,44.0,6
BmgGemmBF16BF16FP32_RCR_GemmExhaustive_16x256x64_SG2x8_ST2,43.8,5
BmgGemmBF16BF16FP32_RCR_GemmExhaustive_64x512x64_SG2x8_ST1,43.8,6
BmgGemmBF16BF16FP32_RCR_DataParallel_256x256x64,43.8,6
BmgGemmBF16BF16FP32_RCR_GemmExhaustive_64x512x32_SG4x4_ST2,43.8,6
BmgGemmBF16BF16FP32_RRR_Gemm_128x64x32_SG1x4,43.7,6
BmgGemmBF16BF16FP32_RCR_SplitK_256x256x64,43.6,5
BmgGemmBF16BF16FP32_RCR_StreamK_256x256x64,43.6,5
BmgGemmBF16BF16FP32_RCR_GemmExhaustive_64x32x16_SG8x2_ST3,43.3,5
BmgGemmBF16BF16FP32_RCR_GemmExhaustive_64x512x32_SG4x4_ST3,42.8,5
BmgGemmBF16BF16FP32_RCR_GemmExhaustive_64x128x16_SG8x4_ST1,42.8,6
BmgGemmBF16BF16FP32_RCR_GemmExhaustive_32x256x16_SG4x8_ST1,42.8,6
BmgGemmBF16BF16FP32_RCR_GemmExhaustive_512x64x32_SG4x4_ST1,42.6,5
BmgGemmBF16BF16FP32_RCR_GemmExhaustive_64x32x32_SG8x2_ST1,42.2,6
BmgGemmBF16BF16FP32_RCR_GemmExhaustive_64x64x32_SG8x4_ST1,42.2,5
BmgGemmBF16BF16FP32_RCR_GemmExhaustive_16x128x64_SG2x8_ST3,42.0,5
BmgGemmBF16BF16FP32_RRR_Gemm_256x64x32_SG2x4,41.9,6
BmgGemmBF16BF16FP32_RCR_GemmExhaustive_32x128x32_SG4x8_ST3,41.8,6
BmgGemmBF16BF16FP32_RRR_Gemm_256x64x32_SG8x4,41.8,5
BmgGemmBF16BF16FP32_RCR_GemmExhaustive_32x128x32_SG4x8_ST2,41.7,5
BmgGemmBF16BF16FP32_RCR_GemmExhaustive_16x128x32_SG2x8_ST2,41.6,5
BmgGemmBF16BF16FP32_RCR_GemmExhaustive_16x128x32_SG2x8_ST3,41.6,6
BmgGemmBF16BF16FP32_RCR_GemmExhaustive_512x64x32_SG4x4_ST2,41.4,5
BmgGemmBF16BF16FP32_RCR_DataParallel_64x64x32,41.4,6
BmgGemmBF16BF16FP32_RCR_StreamK_64x64x32,41.4,5
BmgGemmBF16BF16FP32_RCR_SplitK_64x64x32,41.4,5
BmgGemmBF16BF16FP32_RCR_Gemm_256x64x32_SG2x4,41.1,5
BmgGemmBF16BF16FP32_RRR_Gemm_16x64x64_SG1x4,41.0,6
BmgGemmBF16BF16FP32_RCR_GemmExhaustive_128x192x64_SG8x2_ST1,40.5,6
BmgGemmBF16BF16FP32_RCR_GemmExhaustive_512x64x32_SG4x4_ST3,40.3,6
BmgGemmBF16BF16FP32_RCR_GemmExhaustive_64x32x16_SG8x2_ST2,40.2,5
BmgGemmBF16BF16FP32_RCR_GemmExhaustive_256x256x64_SG4x8_ST1,40.2,6
BmgGemmBF16BF16FP32_RCR_GemmExhaustive_64x512x64_SG2x8_ST3,39.9,5
BmgGemmBF16BF16FP32_RCR_GemmExhaustive_64x512x64_SG2x8_ST2,39.8,6
BmgGemmBF16BF16FP32_RCR_GemmExhaustive_16x128x16_SG2x8_ST3,39.8,6
BmgGemmBF16BF16FP32_RCR_GemmExhaustive_128x256x64_SG2x8_ST1,39.4,6
BmgGemmBF16BF16FP32_RCR_GemmExhaustive_32x64x16_SG4x4_ST3,39.4,5
BmgGemmBF16BF16FP32_RCR_GemmExhaustive_256x256x64_SG4x8_ST3,39.1,5
BmgGemmBF16BF16FP32_RCR_GemmExhaustive_16x256x64_SG2x8_ST3,39.0,6
BmgGemmBF16BF16FP32_RCR_GemmExhaustive_32x64x32_SG4x4_ST1,38.8,6
BmgGemmBF16BF16FP32_RRR_Gemm_8x128x32_SG1x8,38.5,5
BmgGemmBF16BF16FP32_RCR_GemmExhaustive_256x256x64_SG4x8_ST2,38.2,6
BmgGemmBF16BF16FP32_RCR_GemmExhaustive_32x512x32_SG4x4_ST1,38.2,5
BmgGemmBF16BF16FP32_RCR_GemmExhaustive_16x128x32_SG2x8_ST1,38.2,5
BmgGemmBF16BF16FP32_RCR_GemmExhaustive_256x128x64_SG4x4_ST1,38.1,5
BmgGemmBF16BF16FP32_RCR_GemmExhaustive_32x512x16_SG4x4_ST1,38.0,6
BmgGemmBF16BF16FP32_RCR_GemmExhaustive_128x192x64_SG8x2_ST2,37.7,5
BmgGemmBF16BF16FP32_RCR_GemmExhaustive_128x256x64_SG2x8_ST3,37.3,5
BmgGemmBF16BF16FP32_RCR_GemmExhaustive_256x128x64_SG4x4_ST3,37.3,6
BmgGemmBF16BF16FP32_RCR_GemmExhaustive_32x128x32_SG4x8_ST1,37.2,5
BmgGemmBF16BF16FP32_RCR_GemmExhaustive_512x128x64_SG8x4_ST1,37.2,6
BmgGemmBF16BF16FP32_RCR_GemmExhaustive_64x64x16_SG8x4_ST3,37.1,5
BmgGemmBF16BF16FP32_RCR_GemmExhaustive_16x128x16_SG2x8_ST2,37.1,6
BmgGemmBF16BF16FP32_RCR_GemmExhaustive_128x192x64_SG8x2_ST3,36.8,5
BmgGemmBF16BF16FP32_RCR_GemmExhaustive_32x128x16_SG4x8_ST3,36.7,5
BmgGemmBF16BF16FP32_RCR_Gemm_32x512x32_SG4x4,36.6,6
BmgGemmBF16BF16FP32_RRR_Gemm_64x128x32_SG4x4,36.6,6
BmgGemmBF16BF16FP32_RCR_GemmExhaustive_32x512x32_SG4x4_ST2,36.6,5
BmgGemmBF16BF16FP32_RCR_GemmExhaustive_128x256x64_SG2x8_ST2,36.6,5
BmgGemmBF16BF16FP32_RCR_GemmExhaustive_256x128x64_SG4x4_ST2,36.6,6
BmgGemmBF16BF16FP32_RCR_GemmExhaustive_32x64x16_SG4x4_ST2,36.5,5
BmgGemmBF16BF16FP32_RCR_GemmExhaustive_32x512x16_SG4x4_ST2,35.8,5
BmgGemmBF16BF16FP32_RCR_GemmExhaustive_512x128x64_SG8x4_ST2,35.6,5
BmgGemmBF16BF16FP32_RCR_Gemm_512x128x64_SG8x4,35.6,5
BmgGemmBF16BF16FP32_RCR_GemmExhaustive_16x512x32_SG2x8_ST1,35.3,6
BmgGemmBF16BF16FP32_RRR_Gemm_64x128x32_SG2x4,35.3,6
BmgGemmBF16BF16FP32_RCR_GemmExhaustive_512x128x64_SG8x4_ST3,35.1,5
BmgGemmBF16BF16FP32_RCR_GemmExhaustive_32x512x32_SG4x4_ST3,35.1,6
BmgGemmBF16BF16FP32_RCR_GemmExhaustive_64x64x16_SG8x4_ST2,34.9,5
BmgGemmBF16BF16FP32_RRR_Gemm_256x256x64_SG8x4,34.8,6
BmgGemmBF16BF16FP32_RCR_SplitK_64x64x16,34.6,6
BmgGemmBF16BF16FP32_RCR_DataParallel_64x64x16,34.6,6
BmgGemmBF16BF16FP32_RCR_StreamK_64x64x16,34.5,5
BmgGemmBF16BF16FP32_RCR_GemmExhaustive_32x512x16_SG4x4_ST3,34.4,5
BmgGemmBF16BF16FP32_RCR_Gemm_128x128x64_SG2x4,34.0,5
BmgGemmBF16BF16FP32_RCR_GemmExhaustive_32x128x16_SG4x8_ST2,33.9,5
BmgGemmBF16BF16FP32_RCR_GemmExhaustive_128x32x64_SG8x2_ST3,33.9,6
BmgGemmBF16BF16FP32_RRR_Gemm_8x64x32_SG1x4,33.8,6
BmgGemmBF16BF16FP32_RCR_GemmExhaustive_64x32x16_SG8x2_ST1,33.8,6
BmgGemmBF16BF16FP32_RCR_GemmExhaustive_256x64x64_SG8x4_ST2,33.4,6
BmgGemmBF16BF16FP32_RCR_9,33.1,6
BmgGemmBF16BF16FP32_RRR_Gemm_8x128x32_SG1x4,33.1,5
BmgGemmBF16BF16FP32_RCR_Gemm_32x512x32_SG2x4,33.1,6
BmgGemmBF16BF16FP32_RCR_GemmExhaustive_128x32x64_SG8x2_ST2,32.9,5
BmgGemmBF16BF16FP32_RCR_Gemm_128x32x64_SG8x2,32.9,6
BmgGemmBF16BF16FP32_RCR_GemmExhaustive_16x512x32_SG2x8_ST2,32.9,6
BmgGemmBF16BF16FP32_RCR_GemmExhaustive_128x32x64_SG8x2_ST1,32.8,5
BmgGemmBF16BF16FP32_RCR_Gemm_8x128x32_SG1x8,32.7,6
BmgGemmBF16BF16FP32_RCR_7,32.7,6
BmgGemmBF16BF16FP32_RCR_Gemm_8x64x32_SG1x4,32.6,5
BmgGemmBF16BF16FP32_RCR_GemmExhaustive_16x512x16_SG2x8_ST1,32.0,6
BmgGemmBF16BF16FP32_RCR_GemmExhaustive_128x32x32_SG8x2_ST3,31.9,6
BmgGemmBF16BF16FP32_RCR_GemmExhaustive_256x64x64_SG8x4_ST3,31.7,6
BmgGemmBF16BF16FP32_RRR_Gemm_64x128x64_SG8x4,31.1,6
BmgGemmBF16BF16FP32_RCR_GemmExhaustive_32x64x16_SG4x4_ST1,31.1,6
BmgGemmBF16BF16FP32_RCR_GemmExhaustive_16x512x32_SG2x8_ST3,31.1,5
BmgGemmBF16BF16FP32_RCR_GemmExhaustive_64x64x16_SG8x4_ST1,30.8,6
BmgGemmBF16BF16FP32_RCR_GemmExhaustive_128x32x32_SG8x2_ST2,30.4,6
BmgGemmBF16BF16FP32_RCR_GemmExhaustive_16x128x16_SG2x8_ST1,30.1,5
BmgGemmBF16BF16FP32_RCR_GemmExhaustive_512x64x64_SG8x2_ST1,30.1,5
BmgGemmBF16BF16FP32_RRR_Gemm_128x32x64_SG8x2,29.9,5
BmgGemmBF16BF16FP32_RCR_GemmExhaustive_128x32x32_SG8x2_ST1,29.5,5
BmgGemmBF16BF16FP32_RRR_Gemm_64x128x32_SG8x4,29.4,6
BmgGemmBF16BF16FP32_RCR_GemmExhaustive_128x32x16_SG8x2_ST3,29.2,5
BmgGemmBF16BF16FP32_RRR_Gemm_512x128x64_SG8x4,29.2,6
BmgGemmBF16BF16FP32_RCR_GemmExhaustive_16x512x64_SG2x8_ST1,29.1,5
BmgGemmBF16BF16FP32_RCR_GemmExhaustive_32x128x16_SG4x8_ST1,28.8,6
BmgGemmBF16BF16FP32_RCR_GemmExhaustive_16x512x16_SG2x8_ST2,28.8,5
BmgGemmBF16BF16FP32_RRR_Gemm_128x128x64_SG2x4,28.6,6
BmgGemmBF16BF16FP32_RCR_GemmExhaustive_128x32x16_SG8x2_ST2,28.3,6
BmgGemmBF16BF16FP32_RCR_GemmExhaustive_64x512x16_SG8x2_ST1,28.0,5
BmgGemmBF16BF16FP32_RCR_GemmExhaustive_128x32x16_SG8x2_ST1,27.9,6
BmgGemmBF16BF16FP32_RCR_GemmExhaustive_64x512x16_SG8x2_ST2,27.1,6
BmgGemmBF16BF16FP32_RCR_GemmExhaustive_16x512x16_SG2x8_ST3,26.9,5
BmgGemmBF16BF16FP32_RCR_GemmExhaustive_64x512x16_SG8x2_ST3,26.7,6
BmgGemmBF16BF16FP32_RCR_GemmExhaustive_16x512x64_SG2x8_ST2,26.4,6
BmgGemmBF16BF16FP32_RCR_GemmExhaustive_16x512x64_SG2x8_ST3,26.2,6
BmgGemmBF16BF16FP32_RCR_Gemm_8x128x32_SG1x4,24.4,6
BmgGemmBF16BF16FP32_RCR_5,24.4,5
BmgGemmBF16BF16FP32_RCR_GemmExhaustive_64x256x64_SG8x2_ST1,23.9,5
BmgGemmBF16BF16FP32_RCR_GemmExhaustive_512x64x64_SG8x2_ST2,23.4,5
BmgGemmBF16BF16FP32_RCR_GemmExhaustive_64x512x64_SG8x4_ST1,23.2,6
BmgGemmBF16BF16FP32_RCR_GemmExhaustive_64x256x64_SG8x2_ST2,21.6,6
BmgGemmBF16BF16FP32_RCR_GemmExhaustive_64x256x64_SG8x2_ST3,20.7,6
BmgGemmBF16BF16FP32_RCR_GemmExhaustive_64x512x64_SG8x4_ST2,20.6,6
BmgGemmBF16BF16FP32_RCR_GemmExhaustive_512x64x64_SG8x2_ST3,20.3,6
BmgGemmBF16BF16FP32_RCR_GemmExhaustive_64x512x64_SG8x4_ST3,19.7,5
BmgGemmBF16BF16FP32_RCR_GemmExhaustive_32x512x64_SG4x4_ST1,17.9,5
BmgGemmBF16BF16FP32_RCR_SplitK_64x128x64,17.7,5
BmgGemmBF16BF16FP32_RCR_StreamK_512x64x16,17.7,5
BmgGemmBF16BF16FP32_RCR_StreamK_64x128x32,17.1,5
BmgGemmBF16BF16FP32_RCR_SplitK_64x128x32,16.7,5
BmgGemmBF16BF16FP32_RCR_DataParallel_512x128x64,16.5,5
BmgGemmBF16BF16FP32_RCR_StreamK_64x256x32,16.3,6
BmgGemmBF16BF16FP32_RCR_GemmExhaustive_32x512x64_SG4x4_ST3,15.8,6
BmgGemmBF16BF16FP32_RCR_GemmExhaustive_32x512x64_SG4x4_ST2,15.2,6
BmgGemmBF16BF16FP32_RCR_SplitK_64x256x32,13.9,6
BmgGemmBF16BF16FP32_RCR_StreamK_64x256x16,13.5,6
BmgGemmBF16BF16FP32_RCR_StreamK_64x128x16,13.5,5
BmgGemmBF16BF16FP32_RCR_SplitK_64x256x64,13.4,6
BmgGemmBF16BF16FP32_RCR_GemmExhaustive_128x256x64_SG8x2_ST1,12.7,5
BmgGemmBF16BF16FP32_RCR_GemmExhaustive_128x512x64_SG8x4_ST1,11.4,6
BmgGemmBF16BF16FP32_RCR_GemmExhaustive_128x256x64_SG8x2_ST2,10.9,5
BmgGemmBF16BF16FP32_RCR_GemmExhaustive_128x512x64_SG8x4_ST2,10.2,6
BmgGemmBF16BF16FP32_RCR_GemmExhaustive_128x256x64_SG8x2_ST3,10.1,6
BmgGemmBF16BF16FP32_RCR_GemmExhaustive_128x512x64_SG8x4_ST3,10.1,5
BmgGemmBF16BF16FP32_RRR_Gemm_512x256x32_SG8x4,9.8,5
BmgGemmBF16BF16FP32_RRR_TileShape_512_256_32,9.8,6
BmgGemmBF16BF16FP32_RCR_StreamK_128x512x64,9.3,5
BmgGemmBF16BF16FP32_RCR_SplitK_128x512x64,9.2,5
BmgGemmBF16BF16FP32_RCR_DataParallel_128x512x64,9.2,6
BmgGemmBF16BF16FP32_RCR_GemmExhaustive_256x128x64_SG2x8_ST1,9.0,6
BmgGemmBF16BF16FP32_RCR_GemmExhaustive_64x512x64_SG4x4_ST1,8.7,5
BmgGemmBF16BF16FP32_RCR_GemmExhaustive_64x512x64_SG4x4_ST3,8.4,6
BmgGemmBF16BF16FP32_RCR_GemmExhaustive_256x128x64_SG2x8_ST3,8.3,5
BmgGemmBF16BF16FP32_RCR_GemmExhaustive_256x128x64_SG2x8_ST2,8.3,6
BmgGemmBF16BF16FP32_RCR_DataParallel_64x512x64,8.2,5
BmgGemmBF16BF16FP32_RCR_StreamK_64x512x64,8.2,6
BmgGemmBF16BF16FP32_RCR_SplitK_64x512x64,8.2,6
BmgGemmBF16BF16FP32_RRR_Gemm_128x128x64_SG1x8,7.6,5
BmgGemmBF16BF16FP32_RCR_GemmExhaustive_64x512x64_SG4x4_ST2,7.5,6
BmgGemmBF16BF16FP32_RCR_Gemm_128x128x64_SG1x8,7.3,6
BmgGemmBF16BF16FP32_RCR_Gemm_512x256x32_SG8x4,7.3,6
BmgGemmBF16BF16FP32_RCR_DataParallel_512x256x32,6.8,6
BmgGemmBF16BF16FP32_RCR_GemmExhaustive_64x512x32_SG8x2_ST1,5.4,5
BmgGemmBF16BF16FP32_RCR_StreamK_512x128x64,5.1,6
BmgGemmBF16BF16FP32_RCR_SplitK_512x128x64,5.1,6
BmgGemmBF16BF16FP32_RCR_GemmExhaustive_512x128x64_SG4x8_ST1,5.0,5
BmgGemmBF16BF16FP32_RCR_GemmExhaustive_64x512x32_SG8x2_ST2,5.0,5
BmgGemmBF16BF16FP32_RCR_GemmExhaustive_64x512x32_SG8x2_ST3,4.6,6
BmgGemmBF16BF16FP32_RCR_GemmExhaustive_512x64x64_SG4x4_ST1,4.6,5
BmgGemmBF16BF16FP32_RCR_GemmExhaustive_512x128x64_SG4x8_ST2,4.6,5
BmgGemmBF16BF16FP32_RCR_GemmExhaustive_512x128x64_SG4x8_ST3,4.5,6
BmgGemmBF16BF16FP32_RCR_GemmExhaustive_512x64x64_SG4x4_ST2,4.0,6
BmgGemmBF16BF16FP32_RCR_SplitK_512x256x32,3.9,6
BmgGemmBF16BF16FP32_RCR_GemmExhaustive_512x64x64_SG4x4_ST3,3.9,6
BmgGemmBF16BF16FP32_RCR_Gemm_512x256x64_SG8x4,3.0,6
BmgGemmBF16BF16FP32_RCR_StreamK_512x256x32,2.5,5
BmgGemmBF16BF16FP32_RCR_GemmExhaustive_64x512x64_SG8x2_ST1,2.2,6
BmgGemmBF16BF16FP32_RCR_GemmExhaustive_64x512x64_SG8x2_ST3,2.2,5
BmgGemmBF16BF16FP32_RCR_GemmExhaustive_64x512x64_SG8x2_ST2,2.1,5
BmgGemmBF16BF16FP32_RRR_Gemm_512x256x64_SG8x4,1.9,5
